Date,S&P USD,S&P SEK,S&P BRL,S&P BTC
2018-01-02,100.0,100.0,100.0,100.0
2018-01-03,100.64,100.62,100.03,92.63
2018-01-04,101.05,100.61,99.97,92.71
2018-01-05,101.76,101.27,100.71,92.47
2018-01-08,101.93,102.25,100.95,84.55
2018-01-09,102.06,102.92,101.65,92.34
2018-01-10,101.94,102.26,101.14,95.69
2018-01-11,102.66,102.16,101.51,93.74
2018-01-12,103.35,102.35,101.9,107.36
2018-01-16,102.99,101.32,101.9,101.52
2018-01-17,103.96,102.16,102.67,128.42
2018-01-18,103.79,101.79,102.36,128.96
2018-01-19,104.25,102.49,102.43,126.91
2018-01-22,105.09,103.4,103.17,126.16
2018-01-23,105.32,103.47,104.32,137.95
2018-01-24,105.26,102.27,103.06,129.54
2018-01-25,105.32,101.23,101.61,128.94
2018-01-26,106.57,102.65,102.91,131.25
2018-01-29,105.85,102.4,102.65,124.26
2018-01-30,104.7,101.11,102.3,128.97
2018-01-31,104.75,100.92,102.06,142.07
2018-02-01,104.68,100.66,101.79,142.8
2018-02-02,102.46,99.16,101.16,155.8
2018-02-05,98.26,95.3,97.49,161.56
2018-02-06,99.98,97.3,99.71,201.92
2018-02-07,99.48,97.86,99.48,178.77
2018-02-08,95.74,95.16,96.55,163.26
2018-02-09,97.17,96.39,98.55,162.87
2018-02-12,98.52,97.49,99.52,163.1
2018-02-13,98.78,97.01,99.77,154.84
2018-02-14,100.1,98.06,99.89,160.82
2018-02-15,101.31,98.67,100.37,149.91
2018-02-16,101.35,98.52,100.1,140.31
2018-02-20,100.76,99.59,100.18,125.25
2018-02-21,100.2,99.03,100.08,121.51
2018-02-22,100.3,99.69,100.18,131.53
2018-02-23,101.91,101.77,101.05,141.74
2018-02-26,103.11,102.96,102.35,146.87
2018-02-27,101.8,102.43,101.34,135.87
2018-02-28,100.67,101.86,100.08,129.18
2018-03-01,99.33,100.4,98.72,132.3
2018-03-02,99.83,100.89,99.5,125.25
2018-03-05,100.93,101.96,100.64,121.97
2018-03-06,101.2,101.65,99.87,120.54
2018-03-07,101.15,102.16,100.36,129.8
2018-03-08,101.6,102.82,101.6,138.7
2018-03-09,103.37,104.1,102.89,151.42
2018-03-12,103.24,104.17,103.2,146.08
2018-03-13,102.58,102.94,102.15,154.29
2018-03-14,101.99,102.3,102.06,153.88
2018-03-15,101.91,102.02,102.6,172.68
2018-03-16,102.08,102.38,102.95,168.7
2018-03-19,100.63,100.61,101.42,170.1
2018-03-20,100.78,101.18,101.8,165.48
2018-03-21,100.6,101.22,101.35,154.61
2018-03-22,98.07,98.94,99.31,151.38
2018-03-23,96.01,96.89,97.5,152.6
2018-03-26,98.62,98.88,99.9,158.07
2018-03-27,96.91,97.38,98.82,163.29
2018-03-28,96.63,98.3,98.85,169.46
2018-03-29,97.96,100.23,99.79,169.98
2018-04-02,95.77,98.32,97.33,194.7
2018-04-03,96.98,99.65,98.77,190.39
2018-04-04,98.1,100.87,100.67,182.85
2018-04-05,98.78,101.9,100.57,201.0
2018-04-06,96.61,99.19,99.82,195.48
2018-04-09,96.93,99.18,100.89,190.79
2018-04-10,98.56,100.28,103.17,203.2
2018-04-11,98.01,99.87,102.02,199.44
2018-04-12,98.82,101.86,102.7,197.06
2018-04-13,98.53,101.83,102.97,173.42
2018-04-16,99.33,102.44,104.39,164.5
2018-04-17,100.39,103.41,104.71,172.39
2018-04-18,100.48,103.18,104.25,175.77
2018-04-19,99.9,102.77,104.21,169.0
2018-04-20,99.05,102.36,103.61,165.73
2018-04-23,99.05,103.04,104.65,154.79
2018-04-24,97.73,101.81,103.91,151.09
2018-04-25,97.91,102.55,105.32,141.52
2018-04-26,98.93,104.84,106.12,151.9
2018-04-27,99.04,105.15,105.31,147.75
2018-04-30,98.23,105.33,104.96,145.35
2018-05-01,98.48,106.51,105.88,146.9
2018-05-02,97.77,106.44,106.11,148.8
2018-05-03,97.55,105.54,106.15,146.11
2018-05-04,98.8,106.43,106.65,141.57
2018-05-07,99.14,106.98,108.02,142.19
2018-05-08,99.11,106.89,108.93,146.48
2018-05-09,100.07,106.59,110.34,149.78
2018-05-10,101.01,107.08,110.1,149.67
2018-05-11,101.18,106.37,111.29,153.55
2018-05-14,101.27,106.58,112.42,160.27
2018-05-15,100.58,106.66,113.03,160.57
2018-05-16,100.99,107.09,113.93,163.88
2018-05-17,100.9,107.97,114.68,167.09
2018-05-18,100.64,107.75,115.5,171.48
2018-05-21,101.38,107.94,115.29,164.6
2018-05-22,101.06,107.23,112.67,166.46
2018-05-23,101.39,108.79,113.17,174.71
2018-05-24,101.19,108.38,112.92,184.97
2018-05-25,100.95,108.0,113.22,184.28
2018-05-29,99.78,109.35,114.04,193.28
2018-05-30,101.05,108.84,115.82,187.09
2018-05-31,100.35,108.34,114.63,187.68
2018-06-01,101.44,109.48,116.77,187.03
2018-06-04,101.89,109.13,116.97,182.78
2018-06-05,101.97,109.51,118.1,187.78
2018-06-06,102.84,109.83,120.36,186.51
2018-06-07,102.77,109.14,123.79,185.41
2018-06-08,103.09,109.94,118.28,185.49
2018-06-11,103.2,109.24,116.54,210.33
2018-06-12,103.38,108.86,116.45,207.67
2018-06-13,102.96,108.57,117.15,217.61
2018-06-14,103.22,109.68,117.13,225.73
2018-06-15,103.11,110.8,118.57,214.26
2018-06-18,102.89,111.17,118.4,219.84
2018-06-19,102.48,111.68,117.2,210.83
2018-06-20,102.65,111.42,117.53,210.46
2018-06-21,102.0,111.18,118.8,209.82
2018-06-22,102.19,110.91,118.13,209.61
2018-06-25,100.79,109.39,116.72,230.6
2018-06-26,101.01,109.46,116.76,224.61
2018-06-27,100.14,109.49,118.31,222.43
2018-06-28,100.76,111.08,119.06,227.95
2018-06-29,100.84,110.45,119.2,228.03
2018-07-02,101.15,111.37,121.35,219.15
2018-07-03,100.65,108.7,119.68,214.99
2018-07-05,101.51,108.9,122.12,212.66
2018-07-06,102.37,109.33,122.59,214.14
2018-07-09,103.28,110.25,122.51,211.22
2018-07-10,103.64,110.93,121.56,212.89
2018-07-11,102.9,110.51,121.84,218.3
2018-07-12,103.8,112.35,122.44,224.81
2018-07-13,103.91,113.22,123.15,230.25
2018-07-16,103.81,112.04,122.63,226.98
2018-07-17,104.22,112.54,123.41,220.97
2018-07-18,104.44,113.29,122.99,209.99
2018-07-19,104.03,113.84,123.77,194.21
2018-07-20,103.93,112.77,120.44,194.09
2018-07-23,104.12,112.79,121.19,193.01
2018-07-24,104.62,113.01,119.89,187.92
2018-07-25,105.57,113.73,119.99,179.74
2018-07-26,105.25,113.4,120.31,176.19
2018-07-27,104.56,113.07,119.03,176.4
2018-07-30,103.96,111.34,118.65,174.98
2018-07-31,104.47,112.31,119.94,177.2
2018-08-01,104.36,112.42,120.07,182.07
2018-08-02,104.87,113.86,120.74,191.33
2018-08-03,105.36,114.75,119.94,191.66
2018-08-06,105.73,115.42,120.61,208.67
2018-08-07,106.03,115.61,120.69,209.58
2018-08-08,106.01,116.22,121.68,209.36
2018-08-09,105.85,116.29,123.84,226.66
2018-08-10,105.1,117.5,124.17,226.94
2018-08-13,104.68,116.98,125.55,229.09
2018-08-14,105.35,117.7,125.47,229.25
2018-08-15,104.55,117.98,125.43,238.64
2018-08-16,105.37,118.46,125.94,228.75
2018-08-17,105.72,118.66,127.65,230.23
2018-08-20,105.98,119.02,128.25,228.58
2018-08-21,106.2,118.51,130.06,227.97
2018-08-22,106.16,117.78,132.62,229.06
2018-08-23,105.98,118.28,132.87,222.62
2018-08-24,106.64,118.92,133.85,228.89
2018-08-27,107.45,119.59,134.09,222.4
2018-08-28,107.48,119.88,135.91,220.94
2018-08-29,108.1,121.05,136.59,213.29
2018-08-30,107.62,120.34,138.61,210.71
2018-08-31,107.63,120.59,136.2,214.44
2018-09-04,107.45,119.8,136.9,204.4
2018-09-05,107.15,118.92,136.61,202.0
2018-09-06,106.76,118.48,135.7,207.31
2018-09-07,106.52,118.37,132.56,228.71
2018-09-10,106.73,118.0,134.45,234.49
2018-09-11,107.13,118.44,136.5,234.94
2018-09-12,107.16,118.87,135.89,235.08
2018-09-13,107.73,118.48,137.89,237.2
2018-09-14,107.76,119.07,138.26,230.75
2018-09-17,107.16,116.88,137.05,228.39
2018-09-18,107.73,117.32,136.33,232.49
2018-09-19,107.87,117.05,136.11,236.62
2018-09-20,108.72,116.97,136.09,237.0
2018-09-21,108.67,116.94,135.05,233.86
2018-09-24,108.29,116.55,135.23,222.9
2018-09-25,108.15,116.38,136.55,224.99
2018-09-26,107.8,116.18,133.59,232.19
2018-09-27,108.09,116.66,132.44,230.81
2018-09-28,108.09,117.43,132.53,228.45
2018-10-01,108.49,118.79,133.23,227.27
2018-10-02,108.44,119.23,130.39,227.26
2018-10-03,108.52,119.9,129.1,228.4
2018-10-04,107.63,119.16,129.44,229.76
2018-10-05,107.04,119.0,127.34,225.25
2018-10-09,106.85,119.17,122.24,222.97
2018-10-10,103.33,115.01,119.09,215.54
2018-10-11,101.21,111.64,116.63,213.0
2018-10-12,102.65,112.61,119.02,226.89
2018-10-15,102.04,111.63,116.41,223.73
2018-10-16,104.23,113.33,118.79,223.12
2018-10-17,104.21,114.11,117.6,218.19
2018-10-18,102.71,113.34,116.66,215.06
2018-10-19,102.67,112.9,116.84,215.91
2018-10-22,102.23,112.54,115.48,216.18
2018-10-23,101.66,112.4,115.44,216.08
2018-10-24,98.53,109.66,112.32,209.97
2018-10-25,100.36,111.86,113.49,212.99
2018-10-26,98.62,110.13,110.94,210.28
2018-10-29,97.98,109.43,110.14,209.87
2018-10-30,99.51,111.5,113.35,215.34
2018-10-31,100.59,112.58,114.5,220.21
2018-11-01,101.65,113.77,115.27,222.5
2018-11-02,101.01,112.2,114.47,219.98
2018-11-05,101.58,112.76,115.7,219.5
2018-11-06,102.21,113.46,117.53,219.32
2018-11-07,104.38,114.99,120.3,223.68
2018-11-08,104.12,114.45,119.9,219.93
2018-11-09,103.16,114.51,118.63,219.68
2018-11-13,100.98,112.7,117.58,217.86
2018-11-14,100.21,111.42,116.22,217.23
2018-11-15,101.28,112.19,117.48,226.49
2018-11-16,101.5,111.97,116.45,249.67
2018-11-19,99.81,109.95,115.27,245.92
2018-11-20,98.0,108.69,112.86,255.2
2018-11-21,98.3,108.59,113.88,290.61
2018-11-23,97.65,108.63,114.37,296.52
2018-11-26,99.17,110.34,117.93,358.25
2018-11-27,99.49,110.97,118.71,350.52
2018-11-28,101.78,113.34,120.96,374.71
2018-11-29,101.56,112.59,120.01,341.84
2018-11-30,102.39,113.99,121.07,331.68
2018-12-03,103.51,114.29,121.7,343.05
2018-12-04,100.16,110.41,117.81,348.68
2018-12-06,100.01,110.18,119.65,358.0
2018-12-07,97.67,107.94,116.08,360.43
2018-12-10,97.85,108.72,117.88,382.98
2018-12-11,97.81,108.7,117.44,383.37
2018-12-12,98.34,109.4,116.04,396.44
2018-12-13,98.32,108.93,117.12,392.26
2018-12-14,96.44,107.11,115.22,391.02
2018-12-17,94.44,104.52,112.69,398.76
2018-12-18,94.45,104.84,113.13,384.55
2018-12-19,92.99,103.06,110.43,360.05
2018-12-20,91.53,100.71,108.03,331.98
2018-12-21,89.64,98.97,106.67,310.88
2018-12-26,91.54,101.6,110.15,331.51
2018-12-27,92.32,101.79,110.08,333.34
2018-12-28,92.21,101.09,109.43,339.82
2018-12-31,92.99,100.88,110.62,335.1
2019-01-02,93.11,102.46,108.82,342.73
2019-01-03,90.8,100.0,104.19,324.32
2019-01-04,93.92,102.84,106.96,335.57
2019-01-07,94.58,103.02,107.57,333.21
2019-01-08,95.5,104.33,108.92,326.81
2019-01-09,95.89,104.23,108.27,328.16
2019-01-10,96.32,104.7,109.0,329.79
2019-01-11,96.31,105.24,109.45,348.9
2019-01-15,96.83,106.35,110.31,371.08
2019-01-16,97.04,106.69,110.92,366.55
2019-01-17,97.78,108.0,112.59,372.95
2019-01-18,99.07,109.33,114.37,378.0
2019-01-22,97.67,107.87,113.21,380.16
2019-01-23,97.88,107.94,113.99,381.91
2019-01-24,98.02,108.82,112.64,377.39
2019-01-25,98.85,109.48,114.24,382.83
2019-01-28,98.07,108.64,113.13,378.77
2019-01-29,97.93,108.72,111.94,380.54
2019-01-30,99.45,110.63,113.48,398.33
2019-01-31,100.31,111.04,112.24,404.92
2019-02-01,100.4,111.04,112.5,399.63
2019-02-04,101.08,112.51,113.65,398.18
2019-02-05,101.55,113.2,114.56,405.87
2019-02-06,101.33,113.72,114.98,405.39
2019-02-07,100.38,113.47,114.57,399.86
2019-02-08,100.45,113.88,115.05,407.38
2019-02-11,100.52,114.4,116.02,378.89
2019-02-12,101.81,115.36,115.89,381.49
2019-02-13,102.12,115.49,117.35,388.63
2019-02-14,101.85,115.94,116.97,387.29
2019-02-15,102.96,117.0,117.1,393.44
2019-02-19,103.11,117.66,117.42,388.0
2019-02-21,102.93,117.79,118.76,362.08
2019-02-22,103.59,118.53,118.7,358.86
2019-02-25,103.72,118.31,118.62,346.07
2019-02-26,103.64,117.96,119.47,380.02
2019-02-27,103.58,117.46,118.68,371.77
2019-02-28,103.29,116.71,118.72,372.35
2019-03-01,104.0,117.85,120.68,374.75
2019-03-04,103.6,118.46,119.89,373.47
2019-03-05,103.48,118.07,119.75,374.69
2019-03-06,102.81,116.84,120.24,380.59
2019-03-07,101.97,117.78,121.4,363.73
2019-03-08,101.75,117.5,120.53,362.52
2019-03-11,103.25,118.97,121.65,360.97
2019-03-12,103.55,118.66,120.91,364.1
2019-03-13,104.27,118.7,122.26,371.08
2019-03-14,104.18,118.74,122.45,369.67
2019-03-15,104.7,118.37,122.42,372.93
2019-03-18,105.09,118.75,122.73,361.43
2019-03-19,105.07,118.31,121.34,363.28
2019-03-20,104.76,117.73,121.58,361.87
2019-03-21,105.9,118.94,123.94,363.04
2019-03-22,103.89,118.16,124.03,353.75
2019-03-25,103.8,117.21,122.96,357.38
2019-03-26,104.55,118.11,124.23,361.55
2019-03-27,104.06,118.13,126.34,365.19
2019-03-28,104.44,118.8,127.07,365.4
2019-03-29,105.14,119.58,125.36,358.71
2019-04-01,106.36,120.8,126.18,357.04
2019-04-02,106.36,121.49,126.01,357.07
2019-04-03,106.59,120.82,125.59,354.53
2019-04-04,106.81,121.24,126.73,302.13
2019-04-05,107.31,121.95,127.07,298.83
2019-04-08,107.42,121.61,127.01,293.59
2019-04-09,106.77,120.76,126.11,284.17
2019-04-10,107.14,121.44,125.69,280.86
2019-04-11,107.14,121.59,126.48,285.92
2019-04-12,107.85,122.25,127.99,280.52
2019-04-15,107.78,122.09,127.93,293.94
2019-04-16,107.84,121.98,128.83,289.07
2019-04-17,107.59,121.71,129.89,295.08
2019-04-18,107.76,122.64,129.84,286.42
2019-04-22,107.87,122.79,129.9,280.63
2019-04-23,108.82,124.72,131.5,284.58
2019-04-24,108.59,124.87,132.35,278.92
2019-04-25,108.55,126.56,131.89,271.69
2019-04-26,109.05,126.74,131.14,277.18
2019-04-29,109.17,127.23,131.73,285.57
2019-04-30,109.27,127.08,131.88,284.71
2019-05-01,108.45,126.03,130.32,284.75
2019-05-02,108.22,126.68,131.53,283.66
2019-05-03,109.27,127.66,131.86,283.33
2019-05-06,108.78,127.27,131.84,260.35
2019-05-07,106.98,125.67,130.68,258.44
2019-05-08,106.81,125.33,128.65,259.53
2019-05-09,106.49,125.7,129.42,255.54
2019-05-10,106.88,125.78,129.8,248.67
2019-05-13,104.31,122.85,127.19,198.76
2019-05-14,105.14,123.84,128.08,208.1
2019-05-15,105.76,124.23,129.18,186.72
2019-05-16,106.7,125.36,131.03,184.38
2019-05-17,106.07,125.13,133.03,178.52
2019-05-20,105.36,124.47,132.85,200.3
2019-05-21,106.25,125.59,132.5,179.11
2019-05-22,105.95,124.89,130.72,182.77
2019-05-23,104.69,123.29,129.43,181.83
2019-05-24,104.83,122.55,129.36,189.87
2019-05-28,103.95,121.7,128.16,164.2
2019-05-29,103.24,120.88,126.39,162.59
2019-05-30,103.45,120.65,125.77,163.87
2019-05-31,102.09,118.83,122.73,162.77
2019-06-03,101.8,118.0,121.46,164.37
2019-06-04,103.99,120.32,123.03,164.35
2019-06-05,104.83,121.09,124.23,178.0
2019-06-06,105.48,121.86,125.27,189.8
2019-06-07,106.59,122.6,126.18,189.08
2019-06-10,107.08,123.39,127.07,186.48
2019-06-11,107.04,123.68,126.65,193.51
2019-06-12,106.83,123.55,125.62,183.97
2019-06-13,107.26,124.53,126.45,187.12
2019-06-14,107.09,124.3,127.83,180.98
2019-06-17,107.19,124.22,127.69,167.11
2019-06-18,108.23,126.08,127.91,166.49
2019-06-19,108.56,126.45,128.89,160.75
2019-06-20,109.58,126.28,128.95,166.77
2019-06-21,109.45,125.7,128.21,162.87
2019-06-24,109.26,124.26,128.16,141.45
2019-06-25,108.22,122.6,127.1,138.22
2019-06-26,108.09,122.35,127.09,135.5
2019-06-27,108.5,123.09,128.4,127.36
2019-06-28,109.12,124.0,128.09,116.55
2019-07-01,109.96,125.62,128.83,127.73
2019-07-02,110.28,125.79,130.54,141.86
2019-07-03,111.13,126.67,130.89,145.1
2019-07-05,110.93,128.15,129.83,127.84
2019-07-08,110.39,127.81,128.75,135.75
2019-07-09,110.53,128.08,128.91,133.02
2019-07-10,111.03,127.85,128.13,124.54
2019-07-11,111.28,127.79,128.19,122.11
2019-07-12,111.79,128.26,128.28,127.61
2019-07-15,111.81,128.02,128.51,135.6
2019-07-16,111.43,127.9,128.47,151.09
2019-07-17,110.71,126.71,127.64,140.63
2019-07-18,111.1,127.13,127.53,163.29
2019-07-19,110.42,126.68,126.62,157.64
2019-07-22,110.73,127.47,126.78,142.07
2019-07-23,111.49,129.12,128.78,145.44
2019-07-24,112.01,129.22,129.14,149.86
2019-07-25,111.42,128.69,129.39,156.33
2019-07-26,112.24,130.44,129.77,158.65
2019-07-29,112.06,130.06,130.11,163.38
2019-07-30,111.77,130.86,129.75,162.0
2019-07-31,110.56,129.77,127.34,160.72
2019-08-01,109.56,129.36,128.86,157.81
2019-08-02,108.76,128.29,129.33,148.96
2019-08-05,105.52,124.1,127.53,134.77
2019-08-06,106.9,125.41,130.23,134.47
2019-08-07,106.98,126.08,130.73,125.35
2019-08-08,108.99,127.73,131.47,131.29
2019-08-09,108.27,126.36,130.72,125.02
2019-08-12,106.93,125.23,130.67,130.91
2019-08-13,108.55,126.87,131.55,129.62
2019-08-14,105.37,124.2,129.67,127.82
2019-08-15,105.63,124.59,129.85,134.37
2019-08-16,107.15,126.72,131.15,147.75
2019-08-19,108.45,128.28,134.13,146.65
2019-08-20,107.59,127.78,133.28,144.04
2019-08-21,108.48,127.7,133.65,137.25
2019-08-22,108.43,128.22,134.81,139.17
2019-08-23,105.61,124.42,133.11,144.01
2019-08-26,106.77,126.35,135.93,145.39
2019-08-27,106.43,125.83,136.42,145.04
2019-08-28,107.13,127.4,136.46,142.82
2019-08-29,108.49,129.69,138.33,147.31
2019-08-30,108.56,130.54,137.29,154.29
2019-09-03,107.81,129.78,137.9,152.41
2019-09-04,108.98,130.04,137.44,144.92
2019-09-05,110.39,130.75,138.44,143.56
2019-09-06,110.49,130.04,137.67,144.19
2019-09-09,110.48,130.44,138.25,145.51
2019-09-10,110.52,131.02,138.95,146.69
2019-09-11,111.32,131.95,138.52,149.08
2019-09-12,111.64,131.57,138.97,152.66
2019-09-13,111.56,131.18,138.88,151.67
2019-09-16,111.21,131.52,139.2,148.25
2019-09-17,111.5,131.94,140.04,149.36
2019-09-18,111.53,132.32,140.06,150.07
2019-09-19,111.54,132.41,141.52,151.18
2019-09-20,110.99,132.16,141.88,150.92
2019-09-23,110.98,132.02,142.11,153.6
2019-09-24,110.04,130.49,140.8,151.5
2019-09-25,110.72,132.15,141.76,157.93
2019-09-26,110.45,131.87,140.58,178.36
2019-09-27,109.87,131.76,140.03,179.96
2019-09-30,110.42,132.83,140.92,185.43
2019-10-01,109.07,131.84,139.17,186.98
2019-10-02,107.11,129.48,136.06,178.09
2019-10-03,107.97,129.97,135.3,179.18
2019-10-04,109.5,132.0,136.3,180.44
2019-10-07,109.01,132.06,136.45,184.8
2019-10-08,107.32,130.62,134.38,188.35
2019-10-09,108.29,131.95,136.26,182.14
2019-10-10,108.99,131.24,137.24,183.81
2019-10-11,110.18,132.67,138.3,177.21
2019-10-15,111.12,133.14,141.39,185.29
2019-10-16,110.9,132.73,141.47,183.37
2019-10-17,111.21,132.11,141.82,188.19
2019-10-18,110.77,131.02,140.29,191.19
2019-10-21,111.53,131.41,141.42,193.53
2019-10-22,111.14,130.99,138.71,186.49
2019-10-23,111.45,131.73,138.97,187.22
2019-10-24,111.67,131.83,137.27,192.15
2019-10-25,112.12,132.94,137.55,207.32
2019-10-28,112.75,133.88,137.46,168.18
2019-10-29,112.65,133.95,137.87,162.9
2019-10-30,113.02,134.01,139.18,169.33
2019-10-31,112.68,132.82,138.62,164.98
2019-11-01,113.77,133.14,138.65,171.46
2019-11-04,114.19,134.18,140.05,169.57
2019-11-05,114.05,134.95,139.38,171.11
2019-11-06,114.13,134.32,141.99,167.38
2019-11-07,114.44,134.95,143.44,169.78
2019-11-08,114.74,136.32,146.13,169.61
2019-11-12,114.69,136.27,146.76,175.29
2019-11-13,114.77,136.65,146.97,181.84
2019-11-14,114.87,136.29,147.59,180.26
2019-11-15,115.75,136.63,148.88,182.46
2019-11-18,115.81,136.24,148.87,188.57
2019-11-19,115.74,136.53,149.14,187.99
2019-11-20,115.31,135.92,148.3,194.8
2019-11-21,115.12,135.72,148.98,195.81
2019-11-22,115.37,135.86,148.05,197.18
2019-11-25,116.24,137.21,150.21,219.22
2019-11-26,116.5,136.81,152.12,232.95
2019-11-27,116.98,137.12,152.66,226.61
2019-11-29,116.51,136.44,150.99,213.89
2019-12-02,115.51,134.81,149.43,211.1
2019-12-03,114.74,133.74,147.48,214.09
2019-12-04,115.47,134.53,148.27,218.19
2019-12-05,115.64,134.16,148.58,218.9
2019-12-06,116.7,135.55,149.35,224.09
2019-12-09,116.33,135.64,147.28,214.09
2019-12-10,116.2,135.03,147.52,213.36
2019-12-11,116.54,134.61,147.12,219.37
2019-12-12,117.54,135.28,147.7,224.83
2019-12-13,117.55,135.21,147.98,225.42
2019-12-16,118.39,135.73,147.64,231.36
2019-12-17,118.43,135.86,147.66,230.02
2019-12-18,118.37,136.45,147.42,237.66
2019-12-19,118.9,137.07,147.92,248.38
2019-12-20,119.49,137.6,149.67,226.57
2019-12-23,119.59,137.99,148.93,231.25
2019-12-24,119.57,137.73,149.68,219.78
2019-12-26,120.18,138.4,149.59,228.94
2019-12-27,120.19,137.37,149.25,230.8
2019-12-30,119.49,136.19,147.08,226.06
2019-12-31,119.84,137.0,147.66,224.13
2020-01-02,120.85,138.54,149.61,232.86
2020-01-03,120.0,137.79,148.53,230.97
2020-01-06,120.42,138.7,149.69,226.36
2020-01-07,120.08,138.86,150.24,225.61
2020-01-08,120.67,139.56,149.68,214.81
2020-01-09,121.47,141.02,151.74,205.48
2020-01-10,121.13,140.86,151.39,208.02
2020-01-13,121.97,141.31,154.62,210.02
2020-01-14,121.79,140.9,154.6,205.79
2020-01-15,122.01,141.0,156.25,207.93
2020-01-16,123.04,142.84,158.05,192.19
2020-01-17,123.51,143.79,158.49,193.55
2020-01-21,123.18,143.34,158.61,195.49
2020-01-22,123.22,143.46,158.09,197.29
2020-01-23,123.36,144.16,157.66,195.35
2020-01-24,122.24,143.07,156.94,195.0
2020-01-27,120.32,141.64,155.91,199.57
2020-01-28,121.53,143.08,156.83,195.45
2020-01-29,121.43,142.97,156.94,188.53
2020-01-30,121.81,143.66,159.08,179.25
2020-01-31,119.65,141.07,156.99,178.09
2020-02-03,120.52,142.37,156.69,177.5
2020-02-04,122.32,143.6,159.02,181.39
2020-02-05,123.7,145.23,161.42,184.02
2020-02-06,124.11,146.22,162.44,187.1
2020-02-07,123.44,145.75,163.2,177.33
2020-02-10,124.34,147.05,164.5,173.36
2020-02-11,124.55,146.82,165.51,169.29
2020-02-12,125.36,147.62,166.89,175.7
2020-02-13,125.15,148.18,166.14,168.23
2020-02-14,125.39,149.09,165.68,167.26
2020-02-18,125.02,149.48,166.75,173.76
2020-02-19,125.61,150.69,168.12,178.79
2020-02-20,125.13,150.31,168.19,169.76
2020-02-21,123.81,147.36,166.36,178.05
2020-02-24,119.66,142.44,160.96,170.93
2020-02-25,116.04,138.13,156.09,160.45
2020-02-26,115.6,137.58,157.01,165.23
2020-02-27,110.5,130.57,151.03,163.95
2020-02-28,109.59,129.8,150.86,172.29
2020-03-02,114.63,133.16,157.37,185.58
2020-03-03,111.41,128.55,153.38,180.31
2020-03-04,116.11,134.97,161.95,179.94
2020-03-05,112.17,129.72,160.02,176.98
2020-03-06,110.26,126.35,156.77,173.87
2020-03-09,101.88,117.37,147.75,158.14
2020-03-10,106.92,124.29,153.21,183.69
2020-03-11,101.69,118.15,146.03,177.08
2020-03-12,92.02,110.7,136.99,161.18
2020-03-13,100.56,120.73,146.81,175.01
2020-03-16,88.51,106.58,135.16,236.64
2020-03-17,93.82,114.17,144.34,242.29
2020-03-18,88.96,111.49,139.45,244.45
2020-03-19,89.38,113.55,141.11,230.41
2020-03-20,85.5,108.12,131.08,218.28
2020-03-23,83.0,104.69,130.49,185.2
2020-03-24,90.78,112.89,141.19,215.35
2020-03-25,91.83,114.37,142.42,195.07
2020-03-26,97.56,118.78,149.46,199.09
2020-03-27,94.27,114.76,147.72,194.39
2020-03-30,97.43,119.93,154.11,214.95
2020-03-31,95.87,116.31,152.41,225.0
2020-04-01,91.64,112.66,147.48,197.61
2020-04-02,93.73,115.93,151.29,201.4
2020-04-03,92.32,115.07,150.36,191.66
2020-04-06,98.81,122.4,158.55,198.61
2020-04-07,98.65,121.09,158.22,201.04
2020-04-08,102.01,125.53,161.68,191.87
2020-04-09,103.49,126.06,160.87,198.37
2020-04-13,102.44,125.26,162.9,205.31
2020-04-14,105.57,128.67,168.54,210.86
2020-04-15,103.25,126.83,166.36,207.95
2020-04-16,103.85,127.56,166.56,208.73
2020-04-17,106.63,130.22,171.78,222.35
2020-04-20,104.72,128.27,169.87,199.26
2020-04-21,101.51,125.52,165.45,196.65
2020-04-22,103.84,128.27,171.76,209.68
2020-04-23,103.78,127.59,173.39,209.19
2020-04-24,105.23,129.7,183.42,203.82
2020-04-27,106.78,131.27,185.73,195.35
2020-04-28,106.22,128.5,181.19,190.55
2020-04-29,109.04,131.86,180.25,193.32
2020-04-30,108.04,129.22,179.83,192.16
2020-05-01,105.0,126.32,176.59,165.23
2020-05-04,105.45,127.56,180.11,162.31
2020-05-05,106.4,127.98,181.44,165.06
2020-05-06,105.66,127.33,183.98,164.24
2020-05-07,106.88,128.33,190.12,163.46
2020-05-08,108.68,129.78,191.42,163.68
2020-05-11,108.69,131.2,193.12,157.58
2020-05-12,106.47,126.88,189.05,167.97
2020-05-13,104.61,125.36,189.86,167.67
2020-05-14,105.81,127.45,191.97,165.81
2020-05-15,106.23,128.24,189.64,157.67
2020-05-18,109.57,130.31,191.74,161.25
2020-05-19,108.43,128.15,189.8,154.88
2020-05-20,110.23,129.26,192.31,156.65
2020-05-21,109.37,128.91,187.73,154.38
2020-05-22,109.63,129.91,187.08,159.22
2020-05-26,110.98,130.94,182.9,175.57
2020-05-27,112.62,132.96,182.36,174.79
2020-05-28,112.39,130.7,183.79,175.54
2020-05-29,112.93,130.23,187.8,169.59
2020-06-01,113.35,130.18,186.7,161.44
2020-06-02,114.28,130.8,183.34,167.02
2020-06-03,115.84,131.26,179.04,156.8
2020-06-04,115.45,129.91,180.25,167.41
2020-06-05,118.48,133.09,179.94,169.44
2020-06-08,119.9,135.18,179.59,171.26
2020-06-09,118.97,133.6,178.67,168.47
2020-06-10,118.34,133.61,177.68,167.08
2020-06-11,111.36,126.08,169.88,157.35
2020-06-12,112.82,128.83,173.76,157.52
2020-06-15,113.75,130.01,181.62,165.85
2020-06-16,115.91,133.04,183.22,171.59
2020-06-17,115.49,132.26,186.38,169.22
2020-06-18,115.56,133.22,189.68,167.56
2020-06-19,114.91,132.93,188.07,167.87
2020-06-22,115.66,132.61,185.2,170.72
2020-06-23,116.15,131.9,183.66,172.79
2020-06-24,113.15,129.2,183.91,161.25
2020-06-25,114.39,130.5,187.76,164.21
2020-06-26,111.62,127.82,187.04,166.19
2020-06-29,113.26,129.24,189.53,173.74
2020-06-30,115.0,130.97,193.36,174.03
2020-07-01,115.58,131.39,189.54,173.8
2020-07-02,116.11,132.45,189.17,175.57
2020-07-06,117.95,133.78,192.15,178.41
2020-07-07,116.67,131.71,191.64,177.3
2020-07-08,117.59,132.25,193.15,173.73
2020-07-09,116.92,131.86,190.63,174.47
2020-07-10,118.15,132.66,193.17,172.87
2020-07-13,117.04,130.87,191.74,175.03
2020-07-14,118.61,132.05,197.41,176.24
2020-07-15,119.69,132.88,196.74,178.95
2020-07-16,119.28,131.87,195.38,178.02
2020-07-17,119.62,132.09,196.26,179.72
2020-07-20,120.63,132.48,197.34,181.6
2020-07-21,120.83,131.59,192.38,181.11
2020-07-22,121.52,131.6,189.89,183.16
2020-07-23,120.03,129.72,189.15,176.5
2020-07-24,119.28,129.22,189.96,172.75
2020-07-27,120.16,128.48,190.95,170.97
2020-07-28,119.39,127.88,189.16,165.91
2020-07-29,120.87,129.46,190.77,151.19
2020-07-30,120.42,128.89,191.31,152.1
2020-07-31,121.34,129.9,193.31,150.95
2020-08-03,122.21,130.99,199.32,142.77
2020-08-04,122.65,131.25,200.26,152.93
2020-08-05,123.44,130.7,200.29,151.66
2020-08-06,124.24,132.22,203.9,153.29
2020-08-07,124.31,133.13,207.1,146.13
2020-08-10,124.66,133.34,207.24,146.31
2020-08-11,123.66,132.24,205.59,146.19
2020-08-12,125.39,133.32,210.44,145.63
2020-08-13,125.14,132.97,206.52,151.71
2020-08-14,125.11,133.17,206.66,149.32
2020-08-17,125.45,133.43,210.5,145.93
2020-08-18,125.74,133.06,211.41,145.78
2020-08-19,125.19,132.62,211.25,140.65
2020-08-20,125.58,133.78,217.02,144.92
2020-08-21,126.02,135.68,216.14,148.33
2020-08-24,127.28,136.77,218.55,150.47
2020-08-25,127.74,137.11,219.48,151.41
2020-08-26,129.04,137.99,221.82,151.51
2020-08-27,129.26,137.76,221.76,157.47
2020-08-28,130.13,137.37,217.29,156.74
2020-08-31,129.84,137.03,217.72,156.2
2020-09-01,130.82,138.81,214.87,154.33
2020-09-02,132.83,141.91,218.06,157.35
2020-09-03,128.16,137.21,208.54,148.47
2020-09-04,127.12,136.33,206.05,154.05
2020-09-08,123.59,133.27,202.74,166.47
2020-09-09,126.08,135.19,204.27,167.97
2020-09-10,123.87,132.41,201.34,169.03
2020-09-11,123.93,133.22,201.51,167.36
2020-09-14,125.51,134.62,203.51,165.95
2020-09-15,126.17,135.67,204.42,168.68
2020-09-16,125.58,135.06,201.77,162.5
2020-09-17,124.53,134.2,200.74,159.47
2020-09-18,123.13,131.9,200.28,155.34
2020-09-21,121.71,132.29,202.96,151.7
2020-09-22,122.99,134.06,206.24,155.57
2020-09-23,120.07,131.95,204.26,159.0
2020-09-24,120.43,134.32,204.19,157.94
2020-09-25,122.36,136.76,208.72,165.13
2020-09-28,124.33,137.85,214.03,160.0
2020-09-29,123.73,136.27,214.98,158.61
2020-09-30,124.75,136.81,215.41,161.15
2020-10-01,125.41,136.88,217.08,159.78
2020-10-02,124.21,135.75,216.36,159.18
2020-10-05,126.44,137.6,217.74,165.51
2020-10-06,124.67,136.03,211.75,161.34
2020-10-07,126.84,138.03,218.24,162.39
2020-10-08,127.86,138.8,219.3,166.55
2020-10-09,128.98,138.76,218.35,166.95
2020-10-13,130.27,140.51,223.42,158.16
2020-10-14,129.41,139.71,221.39,154.89
2020-10-15,129.21,140.22,222.46,156.17
2020-10-16,129.23,139.74,222.76,156.15
2020-10-19,127.12,136.97,217.37,154.47
2020-10-20,127.72,136.7,218.38,153.29
2020-10-21,127.44,135.97,219.11,149.7
2020-10-22,128.11,137.62,219.31,148.37
2020-10-23,128.55,137.93,221.21,138.37
2020-10-26,126.16,135.1,217.12,132.73
2020-10-27,125.78,133.93,217.79,133.26
2020-10-28,121.34,131.34,213.53,128.17
2020-10-29,122.79,134.36,217.53,124.23
2020-10-30,121.3,132.11,214.14,126.07
2020-11-02,122.79,133.99,216.17,122.81
2020-11-03,124.98,135.15,219.64,125.46
2020-11-04,127.73,137.1,221.4,129.96
2020-11-05,130.22,138.89,222.28,128.26
2020-11-06,130.18,137.53,217.81,127.02
2020-11-09,131.7,139.14,216.8,122.58
2020-11-10,131.52,138.65,216.57,117.27
2020-11-12,131.2,138.44,217.77,118.31
2020-11-13,132.99,141.49,224.26,116.93
2020-11-16,134.54,142.11,222.71,115.48
2020-11-17,133.89,141.36,219.19,115.82
2020-11-18,132.35,138.97,215.31,109.3
2020-11-19,132.87,140.29,216.49,103.8
2020-11-20,131.97,139.15,217.13,102.41
2020-11-23,132.71,140.46,221.16,98.02
2020-11-24,134.85,141.38,222.87,101.11
2020-11-25,134.64,140.32,219.68,101.08
2020-11-30,134.34,140.68,221.51,104.64
2020-12-01,135.86,141.44,219.2,103.15
2020-12-02,136.1,141.53,218.56,95.38
2020-12-03,136.02,140.49,213.67,99.97
2020-12-04,137.22,141.87,217.1,98.57
2020-12-07,136.95,140.54,212.91,98.75
2020-12-08,137.33,142.37,213.97,97.89
2020-12-09,136.24,141.56,215.11,98.11
2020-12-10,136.07,140.69,211.48,102.59
2020-12-11,135.89,140.87,210.54,101.16
2020-12-14,135.3,139.29,211.97,99.39
2020-12-15,137.05,140.46,214.71,98.77
2020-12-16,137.29,140.52,215.84,98.37
2020-12-17,138.08,139.71,214.16,98.11
2020-12-18,137.6,139.39,214.33,88.9
2020-12-21,137.06,138.49,215.47,79.31
2020-12-22,136.78,139.42,216.33,80.42
2020-12-23,136.88,138.75,218.57,83.12
2020-12-28,138.56,140.48,225.2,72.38
2020-12-29,138.25,138.56,219.03,72.76
2020-12-30,138.44,138.86,219.67,70.72
2020-12-31,139.33,139.96,221.83,70.3
