,Portfolio
2007-04-20,100.0
2007-04-21,100.0
2007-04-22,100.0
2007-04-23,100.22
2007-04-24,99.9
2007-04-25,100.1
2007-04-26,100.3
2007-04-27,100.14
2007-04-28,100.14
2007-04-29,100.14
2007-04-30,100.01
2007-05-01,99.9
2007-05-02,100.46
2007-05-03,100.62
2007-05-04,100.94
2007-05-05,100.94
2007-05-06,100.94
2007-05-07,100.93
2007-05-08,100.83
2007-05-09,100.94
2007-05-10,100.55
2007-05-11,100.8
2007-05-12,100.8
2007-05-13,100.8
2007-05-14,100.64
2007-05-15,100.47
2007-05-16,100.68
2007-05-17,100.69
2007-05-18,101.02
2007-05-19,101.02
2007-05-20,101.02
2007-05-21,101.37
2007-05-22,101.4
2007-05-23,101.4
2007-05-24,101.14
2007-05-25,101.14
2007-05-26,101.14
2007-05-27,101.14
2007-05-28,101.13
2007-05-29,101.34
2007-05-30,101.54
2007-05-31,101.87
2007-06-01,102.16
2007-06-02,102.16
2007-06-03,102.16
2007-06-04,102.05
2007-06-05,101.67
2007-06-06,101.09
2007-06-07,100.41
2007-06-08,100.54
2007-06-09,100.54
2007-06-10,100.54
2007-06-11,100.86
2007-06-12,100.57
2007-06-13,100.63
2007-06-14,101.1
2007-06-15,101.44
2007-06-16,101.44
2007-06-17,101.44
2007-06-18,101.38
2007-06-19,101.18
2007-06-20,101.15
2007-06-21,100.99
2007-06-22,100.61
2007-06-23,100.61
2007-06-24,100.61
2007-06-25,100.41
2007-06-26,100.21
2007-06-27,100.22
2007-06-28,100.6
2007-06-29,100.64
2007-06-30,100.64
2007-07-01,100.64
2007-07-02,100.61
2007-07-03,100.95
2007-07-04,100.97
2007-07-05,101.04
2007-07-06,101.12
2007-07-07,101.12
2007-07-08,101.12
2007-07-09,101.32
2007-07-10,100.73
2007-07-11,100.51
2007-07-12,100.97
2007-07-13,101.13
2007-07-14,101.13
2007-07-15,101.13
2007-07-16,101.21
2007-07-17,100.97
2007-07-18,100.58
2007-07-19,100.96
2007-07-20,100.61
2007-07-21,100.61
2007-07-22,100.61
2007-07-23,100.75
2007-07-24,100.04
2007-07-25,99.98
2007-07-26,98.74
2007-07-27,98.22
2007-07-28,98.22
2007-07-29,98.22
2007-07-30,98.11
2007-07-31,98.57
2007-08-01,97.87
2007-08-02,98.14
2007-08-03,97.37
2007-08-04,97.37
2007-08-05,97.37
2007-08-06,97.1
2007-08-07,97.3
2007-08-08,97.42
2007-08-09,96.58
2007-08-10,96.06
2007-08-11,96.06
2007-08-12,96.06
2007-08-13,97.15
2007-08-14,96.61
2007-08-15,96.66
2007-08-16,95.49
2007-08-17,95.68
2007-08-18,95.68
2007-08-19,95.68
2007-08-20,96.15
2007-08-21,96.46
2007-08-22,96.84
2007-08-23,96.99
2007-08-24,97.06
2007-08-25,97.06
2007-08-26,97.06
2007-08-27,97.24
2007-08-28,96.52
2007-08-29,96.68
2007-08-30,97.0
2007-08-31,97.57
2007-09-01,97.57
2007-09-02,97.57
2007-09-03,97.71
2007-09-04,97.97
2007-09-05,97.24
2007-09-06,97.28
2007-09-07,96.67
2007-09-08,96.67
2007-09-09,96.67
2007-09-10,96.3
2007-09-11,96.75
2007-09-12,96.64
2007-09-13,96.73
2007-09-14,96.69
2007-09-15,96.69
2007-09-16,96.69
2007-09-17,96.07
2007-09-18,96.6
2007-09-19,97.56
2007-09-20,96.86
2007-09-21,97.05
2007-09-22,97.05
2007-09-23,97.05
2007-09-24,97.08
2007-09-25,96.91
2007-09-26,97.27
2007-09-27,97.65
2007-09-28,97.45
2007-09-29,97.45
2007-09-30,97.45
2007-10-01,97.71
2007-10-02,98.16
2007-10-03,98.27
2007-10-04,98.37
2007-10-05,98.8
2007-10-06,98.8
2007-10-07,98.8
2007-10-08,98.84
2007-10-09,99.04
2007-10-10,99.17
2007-10-11,99.03
2007-10-12,99.06
2007-10-13,99.06
2007-10-14,99.06
2007-10-15,98.52
2007-10-16,98.41
2007-10-17,98.61
2007-10-18,98.46
2007-10-19,98.12
2007-10-20,98.12
2007-10-21,98.12
2007-10-22,98.04
2007-10-23,98.37
2007-10-24,98.21
2007-10-25,98.24
2007-10-26,98.32
2007-10-27,98.32
2007-10-28,98.32
2007-10-29,98.57
2007-10-30,98.2
2007-10-31,98.59
2007-11-01,98.39
2007-11-02,97.77
2007-11-03,97.77
2007-11-04,97.77
2007-11-05,97.51
2007-11-06,97.45
2007-11-07,96.85
2007-11-08,96.4
2007-11-09,96.13
2007-11-10,96.13
2007-11-11,96.13
2007-11-12,96.18
2007-11-13,96.02
2007-11-14,96.19
2007-11-15,95.91
2007-11-16,95.6
2007-11-17,95.6
2007-11-18,95.6
2007-11-19,94.78
2007-11-20,94.74
2007-11-21,93.84
2007-11-22,93.76
2007-11-23,94.18
2007-11-24,94.18
2007-11-25,94.18
2007-11-26,94.08
2007-11-27,93.99
2007-11-28,94.88
2007-11-29,95.07
2007-11-30,95.66
2007-12-01,95.66
2007-12-02,95.66
2007-12-03,95.61
2007-12-04,95.1
2007-12-05,95.79
2007-12-06,95.99
2007-12-07,95.95
2007-12-08,95.95
2007-12-09,95.95
2007-12-10,95.85
2007-12-11,95.58
2007-12-12,95.49
2007-12-13,95.14
2007-12-14,95.16
2007-12-15,95.16
2007-12-16,95.16
2007-12-17,94.41
2007-12-18,94.42
2007-12-19,94.64
2007-12-20,94.86
2007-12-21,95.42
2007-12-22,95.42
2007-12-23,95.42
2007-12-24,95.45
2007-12-25,95.45
2007-12-26,95.29
2007-12-27,94.97
2007-12-28,94.85
2007-12-29,94.85
2007-12-30,94.85
2007-12-31,95.19
2008-01-01,95.19
2008-01-02,94.6
2008-01-03,94.6
2008-01-04,93.58
2008-01-05,93.58
2008-01-06,93.58
2008-01-07,93.41
2008-01-08,93.17
2008-01-09,92.85
2008-01-10,92.51
2008-01-11,92.05
2008-01-12,92.05
2008-01-13,92.05
2008-01-14,92.12
2008-01-15,91.12
2008-01-16,91.23
2008-01-17,90.68
2008-01-18,90.47
2008-01-19,90.47
2008-01-20,90.47
2008-01-21,89.66
2008-01-22,89.29
2008-01-23,89.22
2008-01-24,89.72
2008-01-25,90.05
2008-01-26,90.05
2008-01-27,90.05
2008-01-28,89.74
2008-01-29,90.25
2008-01-30,89.87
2008-01-31,90.44
2008-02-01,91.21
2008-02-02,91.21
2008-02-03,91.21
2008-02-04,91.24
2008-02-05,90.65
2008-02-06,90.44
2008-02-07,90.41
2008-02-08,90.38
2008-02-09,90.38
2008-02-10,90.38
2008-02-11,90.19
2008-02-12,90.51
2008-02-13,90.73
2008-02-14,90.59
2008-02-15,90.35
2008-02-16,90.35
2008-02-17,90.35
2008-02-18,90.77
2008-02-19,90.68
2008-02-20,90.34
2008-02-21,90.24
2008-02-22,90.09
2008-02-23,90.09
2008-02-24,90.09
2008-02-25,90.62
2008-02-26,91.1
2008-02-27,90.86
2008-02-28,90.57
2008-02-29,90.22
2008-03-01,90.22
2008-03-02,90.22
2008-03-03,89.86
2008-03-04,89.49
2008-03-05,89.6
2008-03-06,89.02
2008-03-07,88.74
2008-03-08,88.74
2008-03-09,88.74
2008-03-10,88.13
2008-03-11,88.53
2008-03-12,88.6
2008-03-13,88.31
2008-03-14,87.73
2008-03-15,87.73
2008-03-16,87.73
2008-03-17,86.62
2008-03-18,87.56
2008-03-19,87.65
2008-03-20,88.01
2008-03-21,88.2
2008-03-22,88.2
2008-03-23,88.2
2008-03-24,88.58
2008-03-25,88.65
2008-03-26,88.32
2008-03-27,88.32
2008-03-28,88.31
2008-03-29,88.31
2008-03-30,88.31
2008-03-31,88.29
2008-04-01,89.36
2008-04-02,89.47
2008-04-03,89.32
2008-04-04,89.4
2008-04-05,89.4
2008-04-06,89.4
2008-04-07,89.69
2008-04-08,89.52
2008-04-09,89.07
2008-04-10,89.31
2008-04-11,88.99
2008-04-12,88.99
2008-04-13,88.99
2008-04-14,88.76
2008-04-15,88.86
2008-04-16,88.99
2008-04-17,88.97
2008-04-18,89.65
2008-04-19,89.65
2008-04-20,89.65
2008-04-21,89.41
2008-04-22,88.76
2008-04-23,89.29
2008-04-24,89.59
2008-04-25,89.78
2008-04-26,89.78
2008-04-27,89.78
2008-04-28,90.14
2008-04-29,90.15
2008-04-30,90.54
2008-05-01,90.63
2008-05-02,91.32
2008-05-03,91.32
2008-05-04,91.32
2008-05-05,91.18
2008-05-06,91.23
2008-05-07,91.72
2008-05-08,91.83
2008-05-09,91.76
2008-05-10,91.76
2008-05-11,91.76
2008-05-12,91.72
2008-05-13,91.79
2008-05-14,91.76
2008-05-15,91.93
2008-05-16,91.97
2008-05-17,91.97
2008-05-18,91.97
2008-05-19,92.4
2008-05-20,91.7
2008-05-21,91.01
2008-05-22,90.98
2008-05-23,90.53
2008-05-24,90.53
2008-05-25,90.53
2008-05-26,90.47
2008-05-27,90.41
2008-05-28,90.78
2008-05-29,91.04
2008-05-30,91.21
2008-05-31,91.21
2008-06-01,91.21
2008-06-02,90.97
2008-06-03,91.51
2008-06-04,91.49
2008-06-05,91.54
2008-06-06,90.35
2008-06-07,90.35
2008-06-08,90.35
2008-06-09,90.1
2008-06-10,90.06
2008-06-11,89.49
2008-06-12,89.65
2008-06-13,89.82
2008-06-14,89.82
2008-06-15,89.82
2008-06-16,89.77
2008-06-17,89.88
2008-06-18,89.58
2008-06-19,89.31
2008-06-20,88.54
2008-06-21,88.54
2008-06-22,88.54
2008-06-23,88.57
2008-06-24,88.03
2008-06-25,88.5
2008-06-26,87.48
2008-06-27,87.13
2008-06-28,87.13
2008-06-29,87.13
2008-06-30,87.05
2008-07-01,86.58
2008-07-02,85.82
2008-07-03,85.96
2008-07-04,85.94
2008-07-05,85.94
2008-07-06,85.94
2008-07-07,86.31
2008-07-08,86.33
2008-07-09,86.25
2008-07-10,85.83
2008-07-11,85.06
2008-07-12,85.06
2008-07-13,85.06
2008-07-14,85.11
2008-07-15,84.84
2008-07-16,85.55
2008-07-17,85.62
2008-07-18,85.52
2008-07-19,85.52
2008-07-20,85.52
2008-07-21,85.5
2008-07-22,85.82
2008-07-23,86.27
2008-07-24,86.14
2008-07-25,86.11
2008-07-26,86.11
2008-07-27,86.11
2008-07-28,85.75
2008-07-29,86.39
2008-07-30,87.1
2008-07-31,86.81
2008-08-01,86.61
2008-08-02,86.61
2008-08-03,86.61
2008-08-04,86.3
2008-08-05,87.29
2008-08-06,87.69
2008-08-07,87.43
2008-08-08,88.7
2008-08-09,88.7
2008-08-10,88.7
2008-08-11,89.22
2008-08-12,89.33
2008-08-13,89.05
2008-08-14,89.28
2008-08-15,89.69
2008-08-16,89.69
2008-08-17,89.69
2008-08-18,89.68
2008-08-19,88.97
2008-08-20,89.02
2008-08-21,88.33
2008-08-22,88.88
2008-08-23,88.88
2008-08-24,88.88
2008-08-25,88.76
2008-08-26,89.12
2008-08-27,89.12
2008-08-28,89.49
2008-08-29,89.57
2008-08-30,89.57
2008-08-31,89.57
2008-09-01,89.62
2008-09-02,89.92
2008-09-03,89.68
2008-09-04,89.32
2008-09-05,89.19
2008-09-06,89.19
2008-09-07,89.19
2008-09-08,90.09
2008-09-09,89.63
2008-09-10,89.96
2008-09-11,89.92
2008-09-12,89.48
2008-09-13,89.48
2008-09-14,89.48
2008-09-15,88.56
2008-09-16,87.76
2008-09-17,86.49
2008-09-18,85.85
2008-09-19,87.17
2008-09-20,87.17
2008-09-21,87.17
2008-09-22,85.62
2008-09-23,85.07
2008-09-24,84.92
2008-09-25,85.14
2008-09-26,84.66
2008-09-27,84.66
2008-09-28,84.66
2008-09-29,83.86
2008-09-30,84.65
2008-10-01,84.58
2008-10-02,84.0
2008-10-03,83.87
2008-10-04,83.87
2008-10-05,83.87
2008-10-06,82.58
2008-10-07,81.44
2008-10-08,79.45
2008-10-09,77.93
2008-10-10,75.71
2008-10-11,75.71
2008-10-12,75.71
2008-10-13,77.6
2008-10-14,78.08
2008-10-15,76.45
2008-10-16,75.69
2008-10-17,76.34
2008-10-18,76.34
2008-10-19,76.34
2008-10-20,77.5
2008-10-21,77.58
2008-10-22,76.61
2008-10-23,75.96
2008-10-24,74.94
2008-10-25,74.94
2008-10-26,74.94
2008-10-27,74.33
2008-10-28,74.6
2008-10-29,75.8
2008-10-30,76.43
2008-10-31,77.66
2008-11-01,77.66
2008-11-02,77.66
2008-11-03,77.93
2008-11-04,78.45
2008-11-05,78.01
2008-11-06,77.55
2008-11-07,77.79
2008-11-08,77.79
2008-11-09,77.79
2008-11-10,77.9
2008-11-11,77.3
2008-11-12,76.46
2008-11-13,76.42
2008-11-14,75.89
2008-11-15,75.89
2008-11-16,75.89
2008-11-17,75.4
2008-11-18,75.3
2008-11-19,74.09
2008-11-20,72.74
2008-11-21,72.55
2008-11-22,72.55
2008-11-23,72.55
2008-11-24,73.61
2008-11-25,73.76
2008-11-26,74.44
2008-11-27,74.79
2008-11-28,75.65
2008-11-29,75.65
2008-11-30,75.65
2008-12-01,74.16
2008-12-02,74.43
2008-12-03,74.93
2008-12-04,74.77
2008-12-05,74.51
2008-12-06,74.51
2008-12-07,74.51
2008-12-08,74.93
2008-12-09,74.83
2008-12-10,75.09
2008-12-11,74.32
2008-12-12,73.85
2008-12-13,73.85
2008-12-14,73.85
2008-12-15,73.31
2008-12-16,73.97
2008-12-17,73.55
2008-12-18,73.76
2008-12-19,74.45
2008-12-20,74.45
2008-12-21,74.45
2008-12-22,74.2
2008-12-23,74.2
2008-12-24,74.29
2008-12-25,74.29
2008-12-26,74.22
2008-12-27,74.22
2008-12-28,74.22
2008-12-29,73.93
2008-12-30,74.94
2008-12-31,75.97
2009-01-01,75.97
2009-01-02,76.56
2009-01-03,76.56
2009-01-04,76.56
2009-01-05,77.48
2009-01-06,78.37
2009-01-07,77.54
2009-01-08,77.36
2009-01-09,77.6
2009-01-10,77.6
2009-01-11,77.6
2009-01-12,77.39
2009-01-13,77.53
2009-01-14,76.29
2009-01-15,76.36
2009-01-16,76.59
2009-01-17,76.59
2009-01-18,76.59
2009-01-19,76.66
2009-01-20,76.0
2009-01-21,76.18
2009-01-22,75.63
2009-01-23,75.75
2009-01-24,75.75
2009-01-25,75.75
2009-01-26,75.55
2009-01-27,75.93
2009-01-28,76.85
2009-01-29,76.69
2009-01-30,76.65
2009-01-31,76.65
2009-02-01,76.65
2009-02-02,76.17
2009-02-03,75.96
2009-02-04,76.69
2009-02-05,76.83
2009-02-06,77.7
2009-02-07,77.7
2009-02-08,77.7
2009-02-09,77.23
2009-02-10,76.33
2009-02-11,76.7
2009-02-12,76.94
2009-02-13,76.78
2009-02-14,76.78
2009-02-15,76.78
2009-02-16,76.69
2009-02-17,76.42
2009-02-18,76.31
2009-02-19,75.8
2009-02-20,75.12
2009-02-21,75.12
2009-02-22,75.12
2009-02-23,74.37
2009-02-24,74.16
2009-02-25,74.21
2009-02-26,73.82
2009-02-27,73.78
2009-02-28,73.78
2009-03-01,73.78
2009-03-02,72.75
2009-03-03,72.12
2009-03-04,72.42
2009-03-05,71.49
2009-03-06,71.37
2009-03-07,71.37
2009-03-08,71.37
2009-03-09,70.94
2009-03-10,71.78
2009-03-11,71.8
2009-03-12,72.34
2009-03-13,72.64
2009-03-14,72.64
2009-03-15,72.64
2009-03-16,72.85
2009-03-17,73.14
2009-03-18,73.32
2009-03-19,72.27
2009-03-20,72.33
2009-03-21,72.33
2009-03-22,72.33
2009-03-23,73.43
2009-03-24,73.52
2009-03-25,73.89
2009-03-26,74.56
2009-03-27,74.58
2009-03-28,74.58
2009-03-29,74.58
2009-03-30,74.05
2009-03-31,74.4
2009-04-01,75.1
2009-04-02,76.1
2009-04-03,76.09
2009-04-04,76.09
2009-04-05,76.09
2009-04-06,75.96
2009-04-07,75.85
2009-04-08,76.35
2009-04-09,77.56
2009-04-10,77.68
2009-04-11,77.68
2009-04-12,77.68
2009-04-13,77.37
2009-04-14,77.56
2009-04-15,78.06
2009-04-16,78.58
2009-04-17,79.28
2009-04-18,79.28
2009-04-19,79.28
2009-04-20,78.53
2009-04-21,78.77
2009-04-22,78.98
2009-04-23,78.76
2009-04-24,79.14
2009-04-25,79.14
2009-04-26,79.14
2009-04-27,79.44
2009-04-28,79.38
2009-04-29,79.79
2009-04-30,80.29
2009-05-01,80.21
2009-05-02,80.21
2009-05-03,80.21
2009-05-04,80.6
2009-05-05,81.38
2009-05-06,81.86
2009-05-07,81.57
2009-05-08,82.14
2009-05-09,82.14
2009-05-10,82.14
2009-05-11,81.57
2009-05-12,81.44
2009-05-13,80.85
2009-05-14,81.14
2009-05-15,81.25
2009-05-16,81.25
2009-05-17,81.25
2009-05-18,82.23
2009-05-19,82.51
2009-05-20,82.47
2009-05-21,82.02
2009-05-22,81.43
2009-05-23,81.43
2009-05-24,81.43
2009-05-25,81.43
2009-05-26,82.12
2009-05-27,82.26
2009-05-28,81.9
2009-05-29,82.05
2009-05-30,82.05
2009-05-31,82.05
2009-06-01,82.68
2009-06-02,83.34
2009-06-03,83.42
2009-06-04,83.29
2009-06-05,83.69
2009-06-06,83.69
2009-06-07,83.69
2009-06-08,83.63
2009-06-09,83.72
2009-06-10,83.93
2009-06-11,83.85
2009-06-12,83.98
2009-06-13,83.98
2009-06-14,83.98
2009-06-15,83.86
2009-06-16,83.46
2009-06-17,83.32
2009-06-18,83.05
2009-06-19,83.4
2009-06-20,83.4
2009-06-21,83.4
2009-06-22,82.83
2009-06-23,82.6
2009-06-24,82.89
2009-06-25,83.52
2009-06-26,83.64
2009-06-27,83.64
2009-06-28,83.64
2009-06-29,83.99
2009-06-30,83.83
2009-07-01,84.29
2009-07-02,83.67
2009-07-03,83.7
2009-07-04,83.7
2009-07-05,83.7
2009-07-06,83.69
2009-07-07,83.46
2009-07-08,83.37
2009-07-09,83.19
2009-07-10,83.31
2009-07-11,83.31
2009-07-12,83.31
2009-07-13,83.76
2009-07-14,84.2
2009-07-15,84.87
2009-07-16,85.2
2009-07-17,85.24
2009-07-18,85.24
2009-07-19,85.24
2009-07-20,85.54
2009-07-21,85.88
2009-07-22,86.31
2009-07-23,86.94
2009-07-24,87.2
2009-07-25,87.2
2009-07-26,87.2
2009-07-27,87.4
2009-07-28,87.55
2009-07-29,87.97
2009-07-30,88.75
2009-07-31,88.76
2009-08-01,88.76
2009-08-02,88.76
2009-08-03,88.95
2009-08-04,89.23
2009-08-05,89.05
2009-08-06,89.31
2009-08-07,90.2
2009-08-08,90.2
2009-08-09,90.2
2009-08-10,90.31
2009-08-11,90.03
2009-08-12,90.26
2009-08-13,90.4
2009-08-14,90.48
2009-08-15,90.48
2009-08-16,90.48
2009-08-17,89.96
2009-08-18,90.24
2009-08-19,90.17
2009-08-20,90.73
2009-08-21,91.34
2009-08-22,91.34
2009-08-23,91.34
2009-08-24,91.57
2009-08-25,91.78
2009-08-26,92.04
2009-08-27,91.81
2009-08-28,91.75
2009-08-29,91.75
2009-08-30,91.75
2009-08-31,91.65
2009-09-01,91.06
2009-09-02,90.91
2009-09-03,91.01
2009-09-04,91.44
2009-09-05,91.44
2009-09-06,91.44
2009-09-07,91.73
2009-09-08,91.72
2009-09-09,91.97
2009-09-10,92.5
2009-09-11,92.73
2009-09-12,92.73
2009-09-13,92.73
2009-09-14,92.66
2009-09-15,92.9
2009-09-16,93.4
2009-09-17,93.38
2009-09-18,93.45
2009-09-19,93.45
2009-09-20,93.45
2009-09-21,93.28
2009-09-22,93.31
2009-09-23,93.4
2009-09-24,92.86
2009-09-25,92.76
2009-09-26,92.76
2009-09-27,92.76
2009-09-28,93.48
2009-09-29,93.75
2009-09-30,93.45
2009-10-01,93.02
2009-10-02,92.27
2009-10-03,92.27
2009-10-04,92.27
2009-10-05,92.62
2009-10-06,93.2
2009-10-07,93.54
2009-10-08,94.08
2009-10-09,94.08
2009-10-10,94.08
2009-10-11,94.08
2009-10-12,94.17
2009-10-13,94.03
2009-10-14,94.43
2009-10-15,94.43
2009-10-16,94.35
2009-10-17,94.35
2009-10-18,94.35
2009-10-19,94.78
2009-10-20,94.78
2009-10-21,94.42
2009-10-22,94.15
2009-10-23,93.84
2009-10-24,93.84
2009-10-25,93.84
2009-10-26,93.7
2009-10-27,93.65
2009-10-28,92.81
2009-10-29,93.17
2009-10-30,92.82
2009-10-31,92.82
2009-11-01,92.82
2009-11-02,92.67
2009-11-03,92.81
2009-11-04,92.86
2009-11-05,93.09
2009-11-06,93.16
2009-11-07,93.16
2009-11-08,93.16
2009-11-09,93.67
2009-11-10,93.67
2009-11-11,93.97
2009-11-12,93.99
2009-11-13,94.19
2009-11-14,94.19
2009-11-15,94.19
2009-11-16,94.9
2009-11-17,95.12
2009-11-18,94.72
2009-11-19,94.28
2009-11-20,94.15
2009-11-21,94.15
2009-11-22,94.15
2009-11-23,94.54
2009-11-24,94.39
2009-11-25,94.4
2009-11-26,94.02
2009-11-27,93.69
2009-11-28,93.69
2009-11-29,93.69
2009-11-30,93.51
2009-12-01,94.16
2009-12-02,94.56
2009-12-03,94.53
2009-12-04,95.18
2009-12-05,95.18
2009-12-06,95.18
2009-12-07,95.38
2009-12-08,95.19
2009-12-09,94.94
2009-12-10,95.18
2009-12-11,95.67
2009-12-12,95.67
2009-12-13,95.67
2009-12-14,95.9
2009-12-15,96.07
2009-12-16,96.35
2009-12-17,96.52
2009-12-18,96.62
2009-12-19,96.62
2009-12-20,96.62
2009-12-21,96.96
2009-12-22,97.38
2009-12-23,97.16
2009-12-24,97.16
2009-12-25,97.16
2009-12-26,97.16
2009-12-27,97.16
2009-12-28,97.16
2009-12-29,97.47
2009-12-30,97.55
2009-12-31,97.42
2010-01-01,97.42
2010-01-02,97.42
2010-01-03,97.42
2010-01-04,97.92
2010-01-05,98.18
2010-01-06,98.43
2010-01-07,98.78
2010-01-08,99.17
2010-01-09,99.17
2010-01-10,99.17
2010-01-11,98.82
2010-01-12,98.77
2010-01-13,99.18
2010-01-14,99.54
2010-01-15,99.66
2010-01-16,99.66
2010-01-17,99.66
2010-01-18,99.79
2010-01-19,100.19
2010-01-20,100.16
2010-01-21,99.88
2010-01-22,99.22
2010-01-23,99.22
2010-01-24,99.22
2010-01-25,98.91
2010-01-26,99.01
2010-01-27,98.91
2010-01-28,98.9
2010-01-29,98.95
2010-01-30,98.95
2010-01-31,98.95
2010-02-01,99.13
2010-02-02,99.61
2010-02-03,99.66
2010-02-04,99.02
2010-02-05,98.76
2010-02-06,98.76
2010-02-07,98.76
2010-02-08,98.47
2010-02-09,98.49
2010-02-10,98.71
2010-02-11,99.3
2010-02-12,99.37
2010-02-13,99.37
2010-02-14,99.37
2010-02-15,99.37
2010-02-16,99.43
2010-02-17,100.21
2010-02-18,100.39
2010-02-19,100.75
2010-02-20,100.75
2010-02-21,100.75
2010-02-22,100.7
2010-02-23,100.58
2010-02-24,100.61
2010-02-25,100.58
2010-02-26,100.55
2010-02-27,100.55
2010-02-28,100.55
2010-03-01,101.75
2010-03-02,102.0
2010-03-03,101.76
2010-03-04,102.34
2010-03-05,102.84
2010-03-06,102.84
2010-03-07,102.84
2010-03-08,103.01
2010-03-09,103.3
2010-03-10,103.27
2010-03-11,103.3
2010-03-12,103.33
2010-03-13,103.33
2010-03-14,103.33
2010-03-15,103.65
2010-03-16,103.73
2010-03-17,104.31
2010-03-18,104.77
2010-03-19,104.72
2010-03-20,104.72
2010-03-21,104.72
2010-03-22,104.97
2010-03-23,105.43
2010-03-24,105.79
2010-03-25,105.87
2010-03-26,105.64
2010-03-27,105.64
2010-03-28,105.64
2010-03-29,105.73
2010-03-30,106.04
2010-03-31,105.56
2010-04-01,105.99
2010-04-02,106.09
2010-04-03,106.09
2010-04-04,106.09
2010-04-05,106.28
2010-04-06,107.01
2010-04-07,107.22
2010-04-08,107.03
2010-04-09,107.16
2010-04-10,107.16
2010-04-11,107.16
2010-04-12,106.82
2010-04-13,106.93
2010-04-14,107.29
2010-04-15,107.85
2010-04-16,107.62
2010-04-17,107.62
2010-04-18,107.62
2010-04-19,107.28
2010-04-20,108.02
2010-04-21,108.57
2010-04-22,108.85
2010-04-23,109.12
2010-04-24,109.12
2010-04-25,109.12
2010-04-26,109.72
2010-04-27,108.74
2010-04-28,108.34
2010-04-29,108.96
2010-04-30,108.36
2010-05-01,108.36
2010-05-02,108.36
2010-05-03,108.47
2010-05-04,108.33
2010-05-05,108.16
2010-05-06,107.69
2010-05-07,105.67
2010-05-08,105.67
2010-05-09,105.67
2010-05-10,107.57
2010-05-11,108.15
2010-05-12,109.19
2010-05-13,109.51
2010-05-14,109.11
2010-05-15,109.11
2010-05-16,109.11
2010-05-17,109.06
2010-05-18,108.87
2010-05-19,107.89
2010-05-20,106.14
2010-05-21,105.36
2010-05-22,105.36
2010-05-23,105.36
2010-05-24,105.74
2010-05-25,105.15
2010-05-26,105.9
2010-05-27,106.94
2010-05-28,107.0
2010-05-29,107.0
2010-05-30,107.0
2010-05-31,107.09
2010-06-01,106.77
2010-06-02,107.33
2010-06-03,108.15
2010-06-04,107.59
2010-06-05,107.59
2010-06-06,107.59
2010-06-07,106.87
2010-06-08,106.45
2010-06-09,106.68
2010-06-10,107.27
2010-06-11,107.59
2010-06-12,107.59
2010-06-13,107.59
2010-06-14,107.58
2010-06-15,107.92
2010-06-16,108.06
2010-06-17,108.02
2010-06-18,108.14
2010-06-19,108.14
2010-06-20,108.14
2010-06-21,108.28
2010-06-22,108.24
2010-06-23,108.03
2010-06-24,107.02
2010-06-25,107.01
2010-06-26,107.01
2010-06-27,107.01
2010-06-28,107.21
2010-06-29,106.32
2010-06-30,105.66
2010-07-01,104.17
2010-07-02,103.66
2010-07-03,103.66
2010-07-04,103.66
2010-07-05,103.77
2010-07-06,103.93
2010-07-07,104.72
2010-07-08,105.27
2010-07-09,105.72
2010-07-10,105.72
2010-07-11,105.72
2010-07-12,106.05
2010-07-13,106.6
2010-07-14,106.61
2010-07-15,105.9
2010-07-16,104.88
2010-07-17,104.88
2010-07-18,104.88
2010-07-19,104.52
2010-07-20,105.02
2010-07-21,105.61
2010-07-22,106.25
2010-07-23,106.98
2010-07-24,106.98
2010-07-25,106.98
2010-07-26,107.15
2010-07-27,106.93
2010-07-28,106.62
2010-07-29,106.38
2010-07-30,106.83
2010-07-31,106.83
2010-08-01,106.83
2010-08-02,107.36
2010-08-03,107.16
2010-08-04,107.62
2010-08-05,107.55
2010-08-06,106.86
2010-08-07,106.86
2010-08-08,106.86
2010-08-09,107.7
2010-08-10,107.63
2010-08-11,107.19
2010-08-12,106.92
2010-08-13,107.14
2010-08-14,107.14
2010-08-15,107.14
2010-08-16,107.19
2010-08-17,107.74
2010-08-18,108.05
2010-08-19,107.44
2010-08-20,107.65
2010-08-21,107.65
2010-08-22,107.65
2010-08-23,107.78
2010-08-24,107.26
2010-08-25,107.39
2010-08-26,107.15
2010-08-27,107.51
2010-08-28,107.51
2010-08-29,107.51
2010-08-30,107.7
2010-08-31,107.48
2010-09-01,108.42
2010-09-02,108.71
2010-09-03,108.95
2010-09-04,108.95
2010-09-05,108.95
2010-09-06,109.14
2010-09-07,109.5
2010-09-08,109.6
2010-09-09,109.83
2010-09-10,109.91
2010-09-11,109.91
2010-09-12,109.91
2010-09-13,110.07
2010-09-14,109.99
2010-09-15,109.91
2010-09-16,109.3
2010-09-17,109.68
2010-09-18,109.68
2010-09-19,109.68
2010-09-20,110.33
2010-09-21,110.17
2010-09-22,109.14
2010-09-23,109.27
2010-09-24,109.59
2010-09-25,109.59
2010-09-26,109.59
2010-09-27,109.72
2010-09-28,109.64
2010-09-29,109.71
2010-09-30,109.56
2010-10-01,109.15
2010-10-02,109.15
2010-10-03,109.15
2010-10-04,109.12
2010-10-05,109.53
2010-10-06,109.56
2010-10-07,109.68
2010-10-08,109.83
2010-10-09,109.83
2010-10-10,109.83
2010-10-11,110.26
2010-10-12,110.37
2010-10-13,110.71
2010-10-14,110.49
2010-10-15,110.57
2010-10-16,110.57
2010-10-17,110.57
2010-10-18,110.71
2010-10-19,110.68
2010-10-20,110.4
2010-10-21,110.49
2010-10-22,110.96
2010-10-23,110.96
2010-10-24,110.96
2010-10-25,111.23
2010-10-26,111.28
2010-10-27,110.89
2010-10-28,110.71
2010-10-29,111.03
2010-10-30,111.03
2010-10-31,111.03
2010-11-01,111.19
2010-11-02,111.18
2010-11-03,111.23
2010-11-04,111.74
2010-11-05,112.64
2010-11-06,112.64
2010-11-07,112.64
2010-11-08,112.97
2010-11-09,112.74
2010-11-10,113.02
2010-11-11,113.07
2010-11-12,112.31
2010-11-13,112.31
2010-11-14,112.31
2010-11-15,112.59
2010-11-16,111.77
2010-11-17,111.94
2010-11-18,112.72
2010-11-19,112.57
2010-11-20,112.57
2010-11-21,112.57
2010-11-22,113.11
2010-11-23,113.0
2010-11-24,113.72
2010-11-25,113.78
2010-11-26,114.2
2010-11-27,114.2
2010-11-28,114.2
2010-11-29,114.11
2010-11-30,114.15
2010-12-01,114.79
2010-12-02,115.16
2010-12-03,114.93
2010-12-04,114.93
2010-12-05,114.93
2010-12-06,115.57
2010-12-07,115.66
2010-12-08,115.59
2010-12-09,115.81
2010-12-10,115.96
2010-12-11,115.96
2010-12-12,115.96
2010-12-13,115.4
2010-12-14,115.49
2010-12-15,115.4
2010-12-16,115.97
2010-12-17,116.5
2010-12-18,116.5
2010-12-19,116.5
2010-12-20,116.81
2010-12-21,117.21
2010-12-22,117.57
2010-12-23,117.54
2010-12-24,117.49
2010-12-25,117.49
2010-12-26,117.49
2010-12-27,117.49
2010-12-28,117.29
2010-12-29,117.35
2010-12-30,116.84
2010-12-31,116.46
2011-01-01,116.46
2011-01-02,116.46
2011-01-03,116.77
2011-01-04,117.28
2011-01-05,117.93
2011-01-06,118.19
2011-01-07,118.34
2011-01-08,118.34
2011-01-09,118.34
2011-01-10,118.24
2011-01-11,118.65
2011-01-12,118.56
2011-01-13,117.58
2011-01-14,117.57
2011-01-15,117.57
2011-01-16,117.57
2011-01-17,117.67
2011-01-18,117.75
2011-01-19,116.92
2011-01-20,116.31
2011-01-21,115.73
2011-01-22,115.73
2011-01-23,115.73
2011-01-24,115.76
2011-01-25,115.87
2011-01-26,116.31
2011-01-27,116.18
2011-01-28,115.86
2011-01-29,115.86
2011-01-30,115.86
2011-01-31,115.43
2011-02-01,115.96
2011-02-02,116.17
2011-02-03,116.79
2011-02-04,117.17
2011-02-05,117.17
2011-02-06,117.17
2011-02-07,117.79
2011-02-08,117.44
2011-02-09,117.28
2011-02-10,117.35
2011-02-11,117.85
2011-02-12,117.85
2011-02-13,117.85
2011-02-14,118.51
2011-02-15,118.26
2011-02-16,118.49
2011-02-17,118.72
2011-02-18,118.57
2011-02-19,118.57
2011-02-20,118.57
2011-02-21,118.33
2011-02-22,117.42
2011-02-23,116.45
2011-02-24,116.07
2011-02-25,117.1
2011-02-26,117.1
2011-02-27,117.1
2011-02-28,117.59
2011-03-01,117.25
2011-03-02,116.85
2011-03-03,117.2
2011-03-04,116.98
2011-03-05,116.98
2011-03-06,116.98
2011-03-07,116.53
2011-03-08,117.08
2011-03-09,117.13
2011-03-10,116.59
2011-03-11,116.26
2011-03-12,116.26
2011-03-13,116.26
2011-03-14,114.91
2011-03-15,113.79
2011-03-16,113.75
2011-03-17,113.94
2011-03-18,113.87
2011-03-19,113.87
2011-03-20,113.87
2011-03-21,114.75
2011-03-22,114.61
2011-03-23,115.01
2011-03-24,115.35
2011-03-25,115.9
2011-03-26,115.9
2011-03-27,115.9
2011-03-28,115.71
2011-03-29,116.04
2011-03-30,116.61
2011-03-31,116.21
2011-04-01,116.56
2011-04-02,116.56
2011-04-03,116.56
2011-04-04,116.68
2011-04-05,116.81
2011-04-06,116.45
2011-04-07,116.39
2011-04-08,116.05
2011-04-09,116.05
2011-04-10,116.05
2011-04-11,115.86
2011-04-12,115.33
2011-04-13,115.58
2011-04-14,115.83
2011-04-15,116.41
2011-04-16,116.41
2011-04-17,116.41
2011-04-18,116.45
2011-04-19,116.34
2011-04-20,116.75
2011-04-21,116.98
2011-04-22,117.07
2011-04-23,117.07
2011-04-24,117.07
2011-04-25,117.0
2011-04-26,117.28
2011-04-27,117.43
2011-04-28,117.4
2011-04-29,117.52
2011-04-30,117.52
2011-05-01,117.52
2011-05-02,117.57
2011-05-03,117.17
2011-05-04,116.61
2011-05-05,117.3
2011-05-06,117.97
2011-05-07,117.97
2011-05-08,117.97
2011-05-09,118.62
2011-05-10,118.94
2011-05-11,119.04
2011-05-12,119.05
2011-05-13,119.05
2011-05-14,119.05
2011-05-15,119.05
2011-05-16,118.46
2011-05-17,118.2
2011-05-18,118.43
2011-05-19,118.59
2011-05-20,118.97
2011-05-21,118.97
2011-05-22,118.97
2011-05-23,118.48
2011-05-24,118.15
2011-05-25,118.39
2011-05-26,118.76
2011-05-27,118.7
2011-05-28,118.7
2011-05-29,118.7
2011-05-30,118.68
2011-05-31,118.93
2011-06-01,118.42
2011-06-02,117.86
2011-06-03,116.7
2011-06-04,116.7
2011-06-05,116.7
2011-06-06,116.26
2011-06-07,116.05
2011-06-08,115.75
2011-06-09,116.28
2011-06-10,116.23
2011-06-11,116.23
2011-06-12,116.23
2011-06-13,116.13
2011-06-14,116.16
2011-06-15,116.39
2011-06-16,116.34
2011-06-17,115.91
2011-06-18,115.91
2011-06-19,115.91
2011-06-20,115.96
2011-06-21,116.49
2011-06-22,116.44
2011-06-23,116.45
2011-06-24,116.88
2011-06-25,116.88
2011-06-26,116.88
2011-06-27,116.33
2011-06-28,116.5
2011-06-29,116.82
2011-06-30,117.2
2011-07-01,117.72
2011-07-02,117.72
2011-07-03,117.72
2011-07-04,117.87
2011-07-05,118.35
2011-07-06,119.02
2011-07-07,119.34
2011-07-08,119.64
2011-07-09,119.64
2011-07-10,119.64
2011-07-11,119.82
2011-07-12,119.65
2011-07-13,119.33
2011-07-14,119.12
2011-07-15,119.2
2011-07-16,119.2
2011-07-17,119.2
2011-07-18,118.83
2011-07-19,118.93
2011-07-20,118.98
2011-07-21,118.73
2011-07-22,119.34
2011-07-23,119.34
2011-07-24,119.34
2011-07-25,119.42
2011-07-26,118.92
2011-07-27,118.72
2011-07-28,118.72
2011-07-29,118.32
2011-07-30,118.32
2011-07-31,118.32
2011-08-01,118.61
2011-08-02,117.7
2011-08-03,116.81
2011-08-04,115.23
2011-08-05,113.67
2011-08-06,113.67
2011-08-07,113.67
2011-08-08,111.28
2011-08-09,111.64
2011-08-10,111.23
2011-08-11,111.99
2011-08-12,113.01
2011-08-13,113.01
2011-08-14,113.01
2011-08-15,112.8
2011-08-16,113.03
2011-08-17,113.19
2011-08-18,111.74
2011-08-19,110.52
2011-08-20,110.52
2011-08-21,110.52
2011-08-22,110.34
2011-08-23,111.09
2011-08-24,111.28
2011-08-25,110.89
2011-08-26,111.14
2011-08-27,111.14
2011-08-28,111.14
2011-08-29,111.4
2011-08-30,112.59
2011-08-31,113.59
2011-09-01,114.05
2011-09-02,113.26
2011-09-03,113.26
2011-09-04,113.26
2011-09-05,112.65
2011-09-06,112.09
2011-09-07,113.17
2011-09-08,113.41
2011-09-09,113.38
2011-09-10,113.38
2011-09-11,113.38
2011-09-12,112.73
2011-09-13,112.84
2011-09-14,113.21
2011-09-15,113.19
2011-09-16,114.24
2011-09-17,114.24
2011-09-18,114.24
2011-09-19,114.12
2011-09-20,113.95
2011-09-21,113.0
2011-09-22,111.48
2011-09-23,111.33
2011-09-24,111.33
2011-09-25,111.33
2011-09-26,111.74
2011-09-27,112.62
2011-09-28,112.11
2011-09-29,112.02
2011-09-30,112.02
2011-10-01,112.02
2011-10-02,112.02
2011-10-03,111.22
2011-10-04,110.74
2011-10-05,111.28
2011-10-06,112.15
2011-10-07,112.01
2011-10-08,112.01
2011-10-09,112.01
2011-10-10,112.55
2011-10-11,112.88
2011-10-12,113.24
2011-10-13,113.66
2011-10-14,113.65
2011-10-15,113.65
2011-10-16,113.65
2011-10-17,113.77
2011-10-18,114.16
2011-10-19,113.99
2011-10-20,113.94
2011-10-21,114.27
2011-10-22,114.27
2011-10-23,114.27
2011-10-24,115.26
2011-10-25,114.72
2011-10-26,115.29
2011-10-27,115.84
2011-10-28,116.25
2011-10-29,116.25
2011-10-30,116.25
2011-10-31,116.05
2011-11-01,116.1
2011-11-02,115.73
2011-11-03,116.44
2011-11-04,116.58
2011-11-05,116.58
2011-11-06,116.58
2011-11-07,116.49
2011-11-08,116.71
2011-11-09,116.4
2011-11-10,115.96
2011-11-11,116.22
2011-11-12,116.22
2011-11-13,116.22
2011-11-14,116.55
2011-11-15,116.9
2011-11-16,116.54
2011-11-17,115.82
2011-11-18,115.24
2011-11-19,115.24
2011-11-20,115.24
2011-11-21,114.16
2011-11-22,113.85
2011-11-23,113.28
2011-11-24,112.99
2011-11-25,112.7
2011-11-26,112.7
2011-11-27,112.7
2011-11-28,114.07
2011-11-29,114.45
2011-11-30,115.9
2011-12-01,115.78
2011-12-02,116.43
2011-12-03,116.43
2011-12-04,116.43
2011-12-05,116.71
2011-12-06,116.86
2011-12-07,117.19
2011-12-08,116.9
2011-12-09,116.9
2011-12-10,116.9
2011-12-11,116.9
2011-12-12,116.96
2011-12-13,117.18
2011-12-14,116.79
2011-12-15,116.86
2011-12-16,117.01
2011-12-17,117.01
2011-12-18,117.01
2011-12-19,116.72
2011-12-20,117.47
2011-12-21,117.92
2011-12-22,118.15
2011-12-23,118.66
2011-12-24,118.66
2011-12-25,118.66
2011-12-26,118.6
2011-12-27,118.65
2011-12-28,118.87
2011-12-29,119.31
2011-12-30,119.32
2011-12-31,119.32
2012-01-01,119.32
2012-01-02,119.7
2012-01-03,119.94
2012-01-04,120.38
2012-01-05,120.88
2012-01-06,121.12
2012-01-07,121.12
2012-01-08,121.12
2012-01-09,121.14
2012-01-10,121.59
2012-01-11,121.99
2012-01-12,121.53
2012-01-13,122.05
2012-01-14,122.05
2012-01-15,122.05
2012-01-16,122.1
2012-01-17,122.44
2012-01-18,122.5
2012-01-19,122.53
2012-01-20,122.5
2012-01-21,122.5
2012-01-22,122.5
2012-01-23,122.29
2012-01-24,122.26
2012-01-25,122.82
2012-01-26,122.7
2012-01-27,123.02
2012-01-28,123.02
2012-01-29,123.02
2012-01-30,122.81
2012-01-31,123.16
2012-02-01,123.76
2012-02-02,123.96
2012-02-03,124.92
2012-02-04,124.92
2012-02-05,124.92
2012-02-06,125.07
2012-02-07,124.59
2012-02-08,124.61
2012-02-09,124.48
2012-02-10,124.66
2012-02-11,124.66
2012-02-12,124.66
2012-02-13,124.89
2012-02-14,125.2
2012-02-15,125.64
2012-02-16,125.74
2012-02-17,125.62
2012-02-18,125.62
2012-02-19,125.62
2012-02-20,125.59
2012-02-21,125.43
2012-02-22,125.32
2012-02-23,125.51
2012-02-24,125.17
2012-02-25,125.17
2012-02-26,125.17
2012-02-27,125.43
2012-02-28,125.39
2012-02-29,125.37
2012-03-01,125.95
2012-03-02,126.31
2012-03-03,126.31
2012-03-04,126.31
2012-03-05,126.03
2012-03-06,125.34
2012-03-07,125.55
2012-03-08,126.04
2012-03-09,127.02
2012-03-10,127.02
2012-03-11,127.02
2012-03-12,127.01
2012-03-13,127.85
2012-03-14,127.8
2012-03-15,127.91
2012-03-16,127.65
2012-03-17,127.65
2012-03-18,127.65
2012-03-19,127.56
2012-03-20,127.09
2012-03-21,127.43
2012-03-22,127.19
2012-03-23,126.97
2012-03-24,126.97
2012-03-25,126.97
2012-03-26,127.52
2012-03-27,127.59
2012-03-28,127.33
2012-03-29,127.17
2012-03-30,127.28
2012-03-31,127.28
2012-04-01,127.28
2012-04-02,127.92
2012-04-03,127.72
2012-04-04,127.54
2012-04-05,127.7
2012-04-06,127.44
2012-04-07,127.44
2012-04-08,127.44
2012-04-09,127.4
2012-04-10,126.02
2012-04-11,125.97
2012-04-12,126.48
2012-04-13,126.65
2012-04-14,126.65
2012-04-15,126.65
2012-04-16,126.8
2012-04-17,127.23
2012-04-18,127.26
2012-04-19,127.13
2012-04-20,126.88
2012-04-21,126.88
2012-04-22,126.88
2012-04-23,126.18
2012-04-24,126.17
2012-04-25,126.74
2012-04-26,127.11
2012-04-27,127.52
2012-04-28,127.52
2012-04-29,127.52
2012-04-30,127.48
2012-05-01,127.71
2012-05-02,128.14
2012-05-03,127.89
2012-05-04,127.11
2012-05-05,127.11
2012-05-06,127.11
2012-05-07,127.2
2012-05-08,126.85
2012-05-09,126.86
2012-05-10,126.92
2012-05-11,127.1
2012-05-12,127.1
2012-05-13,127.1
2012-05-14,126.64
2012-05-15,126.47
2012-05-16,125.96
2012-05-17,125.77
2012-05-18,124.47
2012-05-19,124.47
2012-05-20,124.47
2012-05-21,124.6
2012-05-22,125.34
2012-05-23,125.24
2012-05-24,125.75
2012-05-25,126.02
2012-05-26,126.02
2012-05-27,126.02
2012-05-28,126.02
2012-05-29,126.84
2012-05-30,126.54
2012-05-31,126.7
2012-06-01,125.26
2012-06-02,125.26
2012-06-03,125.26
2012-06-04,124.92
2012-06-05,125.1
2012-06-06,125.81
2012-06-07,125.76
2012-06-08,126.44
2012-06-09,126.44
2012-06-10,126.44
2012-06-11,126.13
2012-06-12,126.31
2012-06-13,125.79
2012-06-14,125.83
2012-06-15,126.29
2012-06-16,126.29
2012-06-17,126.29
2012-06-18,126.91
2012-06-19,127.22
2012-06-20,127.12
2012-06-21,127.09
2012-06-22,127.08
2012-06-23,127.08
2012-06-24,127.08
2012-06-25,126.87
2012-06-26,126.9
2012-06-27,127.64
2012-06-28,127.65
2012-06-29,128.15
2012-06-30,128.15
2012-07-01,128.15
2012-07-02,129.23
2012-07-03,129.98
2012-07-04,130.17
2012-07-05,131.03
2012-07-06,131.07
2012-07-07,131.07
2012-07-08,131.07
2012-07-09,130.67
2012-07-10,130.9
2012-07-11,130.69
2012-07-12,130.8
2012-07-13,131.51
2012-07-14,131.51
2012-07-15,131.51
2012-07-16,131.51
2012-07-17,131.47
2012-07-18,132.15
2012-07-19,132.67
2012-07-20,132.49
2012-07-21,132.49
2012-07-22,132.49
2012-07-23,131.56
2012-07-24,131.16
2012-07-25,130.69
2012-07-26,130.98
2012-07-27,131.66
2012-07-28,131.66
2012-07-29,131.66
2012-07-30,132.38
2012-07-31,132.16
2012-08-01,131.95
2012-08-02,132.06
2012-08-03,132.48
2012-08-04,132.48
2012-08-05,132.48
2012-08-06,132.73
2012-08-07,132.93
2012-08-08,133.35
2012-08-09,133.94
2012-08-10,133.96
2012-08-11,133.96
2012-08-12,133.96
2012-08-13,133.45
2012-08-14,133.74
2012-08-15,133.73
2012-08-16,134.14
2012-08-17,134.62
2012-08-18,134.62
2012-08-19,134.62
2012-08-20,134.5
2012-08-21,134.02
2012-08-22,133.63
2012-08-23,133.21
2012-08-24,133.41
2012-08-25,133.41
2012-08-26,133.41
2012-08-27,133.5
2012-08-28,133.44
2012-08-29,133.63
2012-08-30,133.27
2012-08-31,133.27
2012-09-01,133.27
2012-09-02,133.27
2012-09-03,133.37
2012-09-04,133.45
2012-09-05,133.44
2012-09-06,134.37
2012-09-07,133.87
2012-09-08,133.87
2012-09-09,133.87
2012-09-10,133.74
2012-09-11,133.5
2012-09-12,133.39
2012-09-13,133.71
2012-09-14,133.52
2012-09-15,133.52
2012-09-16,133.52
2012-09-17,133.23
2012-09-18,133.57
2012-09-19,133.9
2012-09-20,134.39
2012-09-21,134.34
2012-09-22,134.34
2012-09-23,134.34
2012-09-24,134.44
2012-09-25,134.22
2012-09-26,133.82
2012-09-27,134.23
2012-09-28,134.05
2012-09-29,134.05
2012-09-30,134.05
2012-10-01,134.3
2012-10-02,134.18
2012-10-03,134.49
2012-10-04,134.59
2012-10-05,134.58
2012-10-06,134.58
2012-10-07,134.58
2012-10-08,134.66
2012-10-09,134.36
2012-10-10,134.03
2012-10-11,134.03
2012-10-12,133.88
2012-10-13,133.88
2012-10-14,133.88
2012-10-15,134.26
2012-10-16,134.33
2012-10-17,134.41
2012-10-18,134.45
2012-10-19,134.12
2012-10-20,134.12
2012-10-21,134.12
2012-10-22,133.81
2012-10-23,133.42
2012-10-24,133.58
2012-10-25,133.53
2012-10-26,133.6
2012-10-27,133.6
2012-10-28,133.6
2012-10-29,133.72
2012-10-30,133.64
2012-10-31,133.49
2012-11-01,133.86
2012-11-02,134.59
2012-11-03,134.59
2012-11-04,134.59
2012-11-05,134.84
2012-11-06,135.03
2012-11-07,134.61
2012-11-08,134.38
2012-11-09,134.31
2012-11-10,134.31
2012-11-11,134.31
2012-11-12,134.13
2012-11-13,134.13
2012-11-14,133.23
2012-11-15,132.57
2012-11-16,132.98
2012-11-17,132.98
2012-11-18,132.98
2012-11-19,133.86
2012-11-20,134.06
2012-11-21,134.19
2012-11-22,134.21
2012-11-23,134.43
2012-11-24,134.43
2012-11-25,134.43
2012-11-26,134.41
2012-11-27,134.76
2012-11-28,135.08
2012-11-29,135.31
2012-11-30,135.3
2012-12-01,135.3
2012-12-02,135.3
2012-12-03,135.13
2012-12-04,134.97
2012-12-05,134.85
2012-12-06,135.45
2012-12-07,135.83
2012-12-08,135.83
2012-12-09,135.83
2012-12-10,135.9
2012-12-11,135.9
2012-12-12,135.75
2012-12-13,135.41
2012-12-14,135.21
2012-12-15,135.21
2012-12-16,135.21
2012-12-17,135.24
2012-12-18,135.75
2012-12-19,135.62
2012-12-20,135.76
2012-12-21,135.77
2012-12-22,135.77
2012-12-23,135.77
2012-12-24,135.75
2012-12-25,135.75
2012-12-26,135.51
2012-12-27,134.87
2012-12-28,134.97
2012-12-29,134.97
2012-12-30,134.97
2012-12-31,135.37
2013-01-01,135.37
2013-01-02,136.82
2013-01-03,137.53
2013-01-04,138.03
2013-01-05,138.03
2013-01-06,138.03
2013-01-07,137.85
2013-01-08,137.81
2013-01-09,138.33
2013-01-10,137.83
2013-01-11,137.39
2013-01-12,137.39
2013-01-13,137.39
2013-01-14,137.45
2013-01-15,137.71
2013-01-16,137.9
2013-01-17,137.92
2013-01-18,138.2
2013-01-19,138.2
2013-01-20,138.2
2013-01-21,138.25
2013-01-22,138.35
2013-01-23,138.33
2013-01-24,138.39
2013-01-25,137.96
2013-01-26,137.96
2013-01-27,137.96
2013-01-28,137.89
2013-01-29,138.02
2013-01-30,137.49
2013-01-31,137.35
2013-02-01,137.65
2013-02-02,137.65
2013-02-03,137.65
2013-02-04,137.55
2013-02-05,137.62
2013-02-06,137.98
2013-02-07,138.3
2013-02-08,138.89
2013-02-09,138.89
2013-02-10,138.89
2013-02-11,138.67
2013-02-12,138.68
2013-02-13,138.65
2013-02-14,139.4
2013-02-15,139.41
2013-02-16,139.41
2013-02-17,139.41
2013-02-18,139.32
2013-02-19,139.82
2013-02-20,139.68
2013-02-21,139.67
2013-02-22,140.25
2013-02-23,140.25
2013-02-24,140.25
2013-02-25,139.57
2013-02-26,139.81
2013-02-27,140.34
2013-02-28,140.86
2013-03-01,141.53
2013-03-02,141.53
2013-03-03,141.53
2013-03-04,141.71
2013-03-05,142.35
2013-03-06,142.63
2013-03-07,142.16
2013-03-08,143.07
2013-03-09,143.07
2013-03-10,143.07
2013-03-11,143.16
2013-03-12,142.99
2013-03-13,143.47
2013-03-14,143.72
2013-03-15,143.53
2013-03-16,143.53
2013-03-17,143.53
2013-03-18,143.65
2013-03-19,143.73
2013-03-20,143.9
2013-03-21,143.79
2013-03-22,143.64
2013-03-23,143.64
2013-03-24,143.64
2013-03-25,144.21
2013-03-26,144.5
2013-03-27,145.09
2013-03-28,145.28
2013-03-29,145.32
2013-03-30,145.32
2013-03-31,145.32
2013-04-01,145.07
2013-04-02,144.92
2013-04-03,144.42
2013-04-04,144.39
2013-04-05,143.1
2013-04-06,143.1
2013-04-07,143.1
2013-04-08,143.54
2013-04-09,143.37
2013-04-10,144.37
2013-04-11,144.94
2013-04-12,144.85
2013-04-13,144.85
2013-04-14,144.85
2013-04-15,143.76
2013-04-16,143.82
2013-04-17,143.46
2013-04-18,143.25
2013-04-19,143.84
2013-04-20,143.84
2013-04-21,143.84
2013-04-22,144.3
2013-04-23,145.41
2013-04-24,145.78
2013-04-25,145.97
2013-04-26,145.83
2013-04-27,145.83
2013-04-28,145.83
2013-04-29,146.08
2013-04-30,146.09
2013-05-01,146.14
2013-05-02,146.66
2013-05-03,147.13
2013-05-04,147.13
2013-05-05,147.13
2013-05-06,147.1
2013-05-07,147.61
2013-05-08,147.72
2013-05-09,147.75
2013-05-10,148.29
2013-05-11,148.29
2013-05-12,148.29
2013-05-13,148.49
2013-05-14,149.01
2013-05-15,150.06
2013-05-16,149.83
2013-05-17,150.43
2013-05-18,150.43
2013-05-19,150.43
2013-05-20,150.52
2013-05-21,150.39
2013-05-22,149.88
2013-05-23,148.68
2013-05-24,148.45
2013-05-25,148.45
2013-05-26,148.45
2013-05-27,148.47
2013-05-28,149.15
2013-05-29,147.96
2013-05-30,147.56
2013-05-31,147.07
2013-06-01,147.07
2013-06-02,147.07
2013-06-03,146.15
2013-06-04,146.18
2013-06-05,144.93
2013-06-06,144.05
2013-06-07,144.71
2013-06-08,144.71
2013-06-09,144.71
2013-06-10,144.85
2013-06-11,143.75
2013-06-12,143.07
2013-06-13,143.38
2013-06-14,143.55
2013-06-15,143.55
2013-06-16,143.55
2013-06-17,144.29
2013-06-18,144.16
2013-06-19,143.95
2013-06-20,141.78
2013-06-21,141.18
2013-06-22,141.18
2013-06-23,141.18
2013-06-24,139.97
2013-06-25,140.76
2013-06-26,141.81
2013-06-27,143.07
2013-06-28,143.36
2013-06-29,143.36
2013-06-30,143.36
2013-07-01,144.16
2013-07-02,144.42
2013-07-03,143.92
2013-07-04,144.91
2013-07-05,145.44
2013-07-06,145.44
2013-07-07,145.44
2013-07-08,145.88
2013-07-09,146.92
2013-07-10,147.08
2013-07-11,147.3
2013-07-12,147.61
2013-07-13,147.61
2013-07-14,147.61
2013-07-15,148.08
2013-07-16,147.38
2013-07-17,147.63
2013-07-18,148.33
2013-07-19,148.14
2013-07-20,148.14
2013-07-21,148.14
2013-07-22,148.07
2013-07-23,147.75
2013-07-24,147.28
2013-07-25,147.25
2013-07-26,146.88
2013-07-27,146.88
2013-07-28,146.88
2013-07-29,146.81
2013-07-30,147.13
2013-07-31,147.48
2013-08-01,148.35
2013-08-02,148.6
2013-08-03,148.6
2013-08-04,148.6
2013-08-05,148.84
2013-08-06,148.21
2013-08-07,147.56
2013-08-08,147.27
2013-08-09,147.82
2013-08-10,147.82
2013-08-11,147.82
2013-08-12,147.95
2013-08-13,147.93
2013-08-14,147.74
2013-08-15,147.14
2013-08-16,145.86
2013-08-17,145.86
2013-08-18,145.86
2013-08-19,145.38
2013-08-20,144.95
2013-08-21,144.62
2013-08-22,145.34
2013-08-23,145.52
2013-08-24,145.52
2013-08-25,145.52
2013-08-26,145.64
2013-08-27,144.37
2013-08-28,144.15
2013-08-29,145.07
2013-08-30,144.48
2013-08-31,144.48
2013-09-01,144.48
2013-09-02,144.95
2013-09-03,145.24
2013-09-04,145.37
2013-09-05,145.65
2013-09-06,145.81
2013-09-07,145.81
2013-09-08,145.81
2013-09-09,146.29
2013-09-10,146.92
2013-09-11,146.93
2013-09-12,147.17
2013-09-13,147.72
2013-09-14,147.72
2013-09-15,147.72
2013-09-16,147.95
2013-09-17,148.08
2013-09-18,148.49
2013-09-19,148.71
2013-09-20,148.23
2013-09-21,148.23
2013-09-22,148.23
2013-09-23,148.11
2013-09-24,148.46
2013-09-25,148.31
2013-09-26,148.56
2013-09-27,148.36
2013-09-28,148.36
2013-09-29,148.36
2013-09-30,148.13
2013-10-01,148.57
2013-10-02,147.91
2013-10-03,147.34
2013-10-04,147.75
2013-10-05,147.75
2013-10-06,147.75
2013-10-07,147.33
2013-10-08,146.44
2013-10-09,146.43
2013-10-10,147.67
2013-10-11,148.28
2013-10-12,148.28
2013-10-13,148.28
2013-10-14,148.31
2013-10-15,148.76
2013-10-16,148.75
2013-10-17,149.18
2013-10-18,149.96
2013-10-19,149.96
2013-10-20,149.96
2013-10-21,150.21
2013-10-22,150.51
2013-10-23,150.35
2013-10-24,150.68
2013-10-25,150.62
2013-10-26,150.62
2013-10-27,150.62
2013-10-28,150.82
2013-10-29,151.08
2013-10-30,151.08
2013-10-31,151.59
2013-11-01,151.47
2013-11-02,151.47
2013-11-03,151.47
2013-11-04,152.07
2013-11-05,152.14
2013-11-06,151.89
2013-11-07,152.28
2013-11-08,152.53
2013-11-09,152.53
2013-11-10,152.53
2013-11-11,152.43
2013-11-12,152.15
2013-11-13,152.39
2013-11-14,153.09
2013-11-15,153.35
2013-11-16,153.35
2013-11-17,153.35
2013-11-18,153.23
2013-11-19,152.97
2013-11-20,152.88
2013-11-21,153.21
2013-11-22,153.15
2013-11-23,153.15
2013-11-24,153.15
2013-11-25,153.67
2013-11-26,153.59
2013-11-27,153.61
2013-11-28,153.55
2013-11-29,153.74
2013-11-30,153.74
2013-12-01,153.74
2013-12-02,153.64
2013-12-03,152.61
2013-12-04,152.54
2013-12-05,151.83
2013-12-06,152.08
2013-12-07,152.08
2013-12-08,152.08
2013-12-09,152.25
2013-12-10,151.83
2013-12-11,151.23
2013-12-12,150.56
2013-12-13,150.82
2013-12-14,150.82
2013-12-15,150.82
2013-12-16,151.22
2013-12-17,151.08
2013-12-18,151.57
2013-12-19,152.56
2013-12-20,153.05
2013-12-21,153.05
2013-12-22,153.05
2013-12-23,153.6
2013-12-24,153.63
2013-12-25,153.63
2013-12-26,153.71
2013-12-27,153.84
2013-12-28,153.84
2013-12-29,153.84
2013-12-30,154.07
2013-12-31,154.36
2014-01-01,154.36
2014-01-02,154.3
2014-01-03,154.84
2014-01-04,154.84
2014-01-05,154.84
2014-01-06,154.52
2014-01-07,154.84
2014-01-08,155.08
2014-01-09,154.75
2014-01-10,155.06
2014-01-11,155.06
2014-01-12,155.06
2014-01-13,155.0
2014-01-14,154.89
2014-01-15,155.67
2014-01-16,155.64
2014-01-17,155.74
2014-01-18,155.74
2014-01-19,155.74
2014-01-20,155.78
2014-01-21,155.98
2014-01-22,156.2
2014-01-23,155.09
2014-01-24,153.41
2014-01-25,153.41
2014-01-26,153.41
2014-01-27,152.21
2014-01-28,152.89
2014-01-29,152.54
2014-01-30,153.18
2014-01-31,153.32
2014-02-01,153.32
2014-02-02,153.32
2014-02-03,151.62
2014-02-04,151.49
2014-02-05,151.53
2014-02-06,152.16
2014-02-07,152.99
2014-02-08,152.99
2014-02-09,152.99
2014-02-10,153.22
2014-02-11,153.94
2014-02-12,154.5
2014-02-13,154.42
2014-02-14,154.8
2014-02-15,154.8
2014-02-16,154.8
2014-02-17,154.92
2014-02-18,155.01
2014-02-19,154.8
2014-02-20,154.95
2014-02-21,155.42
2014-02-22,155.42
2014-02-23,155.42
2014-02-24,156.06
2014-02-25,156.02
2014-02-26,156.49
2014-02-27,156.49
2014-02-28,156.39
2014-03-01,156.39
2014-03-02,156.39
2014-03-03,155.47
2014-03-04,156.88
2014-03-05,157.1
2014-03-06,156.93
2014-03-07,156.6
2014-03-08,156.6
2014-03-09,156.6
2014-03-10,156.22
2014-03-11,155.94
2014-03-12,155.43
2014-03-13,154.69
2014-03-14,154.44
2014-03-15,154.44
2014-03-16,154.44
2014-03-17,154.8
2014-03-18,155.62
2014-03-19,155.42
2014-03-20,155.49
2014-03-21,155.36
2014-03-22,155.36
2014-03-23,155.36
2014-03-24,154.81
2014-03-25,155.15
2014-03-26,155.26
2014-03-27,155.37
2014-03-28,155.82
2014-03-29,155.82
2014-03-30,155.82
2014-03-31,156.23
2014-04-01,156.79
2014-04-02,157.3
2014-04-03,157.34
2014-04-04,157.12
2014-04-05,157.12
2014-04-06,157.12
2014-04-07,155.99
2014-04-08,155.87
2014-04-09,156.48
2014-04-10,155.77
2014-04-11,154.55
2014-04-12,154.55
2014-04-13,154.55
2014-04-14,154.72
2014-04-15,154.63
2014-04-16,155.61
2014-04-17,155.89
2014-04-18,155.95
2014-04-19,155.95
2014-04-20,155.95
2014-04-21,155.94
2014-04-22,156.71
2014-04-23,156.42
2014-04-24,156.58
2014-04-25,155.74
2014-04-26,155.74
2014-04-27,155.74
2014-04-28,155.51
2014-04-29,155.96
2014-04-30,155.98
2014-05-01,156.16
2014-05-02,156.73
2014-05-03,156.73
2014-05-04,156.73
2014-05-05,156.67
2014-05-06,155.95
2014-05-07,155.87
2014-05-08,156.48
2014-05-09,156.78
2014-05-10,156.78
2014-05-11,156.78
2014-05-12,157.55
2014-05-13,157.7
2014-05-14,157.48
2014-05-15,156.9
2014-05-16,156.98
2014-05-17,156.98
2014-05-18,156.98
2014-05-19,157.19
2014-05-20,156.94
2014-05-21,157.37
2014-05-22,157.98
2014-05-23,158.46
2014-05-24,158.46
2014-05-25,158.46
2014-05-26,158.58
2014-05-27,159.19
2014-05-28,159.42
2014-05-29,159.56
2014-05-30,159.57
2014-05-31,159.57
2014-06-01,159.57
2014-06-02,159.76
2014-06-03,159.41
2014-06-04,159.67
2014-06-05,160.42
2014-06-06,160.93
2014-06-07,160.93
2014-06-08,160.93
2014-06-09,161.25
2014-06-10,161.58
2014-06-11,161.33
2014-06-12,161.09
2014-06-13,160.94
2014-06-14,160.94
2014-06-15,160.94
2014-06-16,160.67
2014-06-17,160.97
2014-06-18,160.93
2014-06-19,161.38
2014-06-20,161.49
2014-06-21,161.49
2014-06-22,161.49
2014-06-23,161.32
2014-06-24,161.2
2014-06-25,160.79
2014-06-26,161.07
2014-06-27,161.14
2014-06-28,161.14
2014-06-29,161.14
2014-06-30,161.25
2014-07-01,161.73
2014-07-02,161.88
2014-07-03,162.62
2014-07-04,162.62
2014-07-05,162.62
2014-07-06,162.62
2014-07-07,162.03
2014-07-08,161.38
2014-07-09,161.47
2014-07-10,161.04
2014-07-11,161.02
2014-07-12,161.02
2014-07-13,161.02
2014-07-14,161.54
2014-07-15,161.31
2014-07-16,162.08
2014-07-17,161.5
2014-07-18,161.78
2014-07-19,161.78
2014-07-20,161.78
2014-07-21,161.48
2014-07-22,162.34
2014-07-23,162.54
2014-07-24,162.53
2014-07-25,162.09
2014-07-26,162.09
2014-07-27,162.09
2014-07-28,161.82
2014-07-29,162.16
2014-07-30,162.07
2014-07-31,160.64
2014-08-01,160.01
2014-08-02,160.01
2014-08-03,160.01
2014-08-04,160.27
2014-08-05,160.43
2014-08-06,160.11
2014-08-07,159.67
2014-08-08,159.44
2014-08-09,159.44
2014-08-10,159.44
2014-08-11,160.58
2014-08-12,160.6
2014-08-13,160.86
2014-08-14,161.3
2014-08-15,161.33
2014-08-16,161.33
2014-08-17,161.33
2014-08-18,162.34
2014-08-19,163.07
2014-08-20,163.29
2014-08-21,163.44
2014-08-22,163.46
2014-08-23,163.46
2014-08-24,163.46
2014-08-25,163.89
2014-08-26,164.59
2014-08-27,164.95
2014-08-28,164.66
2014-08-29,164.95
2014-08-30,164.95
2014-08-31,164.95
2014-09-01,165.03
2014-09-02,165.18
2014-09-03,165.13
2014-09-04,166.1
2014-09-05,166.16
2014-09-06,166.16
2014-09-07,166.16
2014-09-08,166.2
2014-09-09,165.68
2014-09-10,165.33
2014-09-11,165.48
2014-09-12,164.95
2014-09-13,164.95
2014-09-14,164.95
2014-09-15,164.39
2014-09-16,164.52
2014-09-17,164.46
2014-09-18,164.94
2014-09-19,165.41
2014-09-20,165.41
2014-09-21,165.41
2014-09-22,164.77
2014-09-23,163.89
2014-09-24,164.69
2014-09-25,164.14
2014-09-26,164.31
2014-09-27,164.31
2014-09-28,164.31
2014-09-29,164.01
2014-09-30,164.31
2014-10-01,163.61
2014-10-02,162.68
2014-10-03,163.97
2014-10-04,163.97
2014-10-05,163.97
2014-10-06,164.03
2014-10-07,162.92
2014-10-08,162.79
2014-10-09,162.13
2014-10-10,161.29
2014-10-11,161.29
2014-10-12,161.29
2014-10-13,160.4
2014-10-14,160.76
2014-10-15,159.43
2014-10-16,159.18
2014-10-17,160.31
2014-10-18,160.31
2014-10-19,160.31
2014-10-20,160.84
2014-10-21,162.34
2014-10-22,162.87
2014-10-23,163.33
2014-10-24,163.45
2014-10-25,163.45
2014-10-26,163.45
2014-10-27,163.33
2014-10-28,163.96
2014-10-29,164.13
2014-10-30,165.03
2014-10-31,166.5
2014-11-01,166.5
2014-11-02,166.5
2014-11-03,166.4
2014-11-04,165.76
2014-11-05,166.34
2014-11-06,166.83
2014-11-07,166.85
2014-11-08,166.85
2014-11-09,166.85
2014-11-10,167.33
2014-11-11,167.38
2014-11-12,167.27
2014-11-13,167.19
2014-11-14,167.3
2014-11-15,167.3
2014-11-16,167.3
2014-11-17,167.06
2014-11-18,167.29
2014-11-19,166.89
2014-11-20,167.33
2014-11-21,168.66
2014-11-22,168.66
2014-11-23,168.66
2014-11-24,168.94
2014-11-25,169.06
2014-11-26,169.13
2014-11-27,169.42
2014-11-28,169.73
2014-11-29,169.73
2014-11-30,169.73
2014-12-01,168.77
2014-12-02,169.53
2014-12-03,170.27
2014-12-04,169.47
2014-12-05,170.63
2014-12-06,170.63
2014-12-07,170.63
2014-12-08,170.17
2014-12-09,168.95
2014-12-10,168.2
2014-12-11,168.45
2014-12-12,166.91
2014-12-13,166.91
2014-12-14,166.91
2014-12-15,165.84
2014-12-16,165.89
2014-12-17,166.35
2014-12-18,169.08
2014-12-19,169.94
2014-12-20,169.94
2014-12-21,169.94
2014-12-22,170.64
2014-12-23,171.31
2014-12-24,171.3
2014-12-25,171.3
2014-12-26,171.39
2014-12-27,171.39
2014-12-28,171.39
2014-12-29,171.86
2014-12-30,171.66
2014-12-31,172.11
2015-01-01,172.11
2015-01-02,172.13
2015-01-03,172.13
2015-01-04,172.13
2015-01-05,171.75
2015-01-06,170.99
2015-01-07,172.38
2015-01-08,174.06
2015-01-09,173.76
2015-01-10,173.76
2015-01-11,173.76
2015-01-12,173.68
2015-01-13,174.94
2015-01-14,173.9
2015-01-15,175.14
2015-01-16,176.22
2015-01-17,176.22
2015-01-18,176.22
2015-01-19,176.06
2015-01-20,176.02
2015-01-21,176.29
2015-01-22,178.4
2015-01-23,180.54
2015-01-24,180.54
2015-01-25,180.54
2015-01-26,180.93
2015-01-27,179.93
2015-01-28,180.0
2015-01-29,179.9
2015-01-30,179.76
2015-01-31,179.76
2015-02-01,179.76
2015-02-02,179.25
2015-02-03,179.47
2015-02-04,180.52
2015-02-05,180.98
2015-02-06,181.21
2015-02-07,181.21
2015-02-08,181.21
2015-02-09,180.31
2015-02-10,180.82
2015-02-11,180.9
2015-02-12,181.1
2015-02-13,181.46
2015-02-14,181.46
2015-02-15,181.46
2015-02-16,181.57
2015-02-17,181.37
2015-02-18,182.19
2015-02-19,182.3
2015-02-20,182.75
2015-02-21,182.75
2015-02-22,182.75
2015-02-23,183.19
2015-02-24,183.87
2015-02-25,183.66
2015-02-26,184.89
2015-02-27,185.14
2015-02-28,185.14
2015-03-01,185.14
2015-03-02,185.18
2015-03-03,184.56
2015-03-04,185.23
2015-03-05,186.29
2015-03-06,186.65
2015-03-07,186.65
2015-03-08,186.65
2015-03-09,186.55
2015-03-10,186.44
2015-03-11,188.13
2015-03-12,188.76
2015-03-13,189.56
2015-03-14,189.56
2015-03-15,189.56
2015-03-16,189.82
2015-03-17,189.45
2015-03-18,189.27
2015-03-19,189.84
2015-03-20,189.6
2015-03-21,189.6
2015-03-22,189.6
2015-03-23,188.64
2015-03-24,188.71
2015-03-25,187.14
2015-03-26,186.67
2015-03-27,186.96
2015-03-28,186.96
2015-03-29,186.96
2015-03-30,188.51
2015-03-31,189.03
2015-04-01,188.58
2015-04-02,188.14
2015-04-03,187.57
2015-04-04,187.57
2015-04-05,187.57
2015-04-06,188.09
2015-04-07,188.97
2015-04-08,189.83
2015-04-09,190.94
2015-04-10,192.25
2015-04-11,192.25
2015-04-12,192.25
2015-04-13,192.37
2015-04-14,191.49
2015-04-15,192.18
2015-04-16,191.13
2015-04-17,189.47
2015-04-18,189.47
2015-04-19,189.47
2015-04-20,190.03
2015-04-21,190.5
2015-04-22,190.2
2015-04-23,190.21
2015-04-24,190.17
2015-04-25,190.17
2015-04-26,190.17
2015-04-27,189.92
2015-04-28,188.77
2015-04-29,186.5
2015-04-30,185.09
2015-05-01,184.95
2015-05-02,184.95
2015-05-03,184.95
2015-05-04,185.52
2015-05-05,184.53
2015-05-06,182.66
2015-05-07,183.41
2015-05-08,185.4
2015-05-09,185.4
2015-05-10,185.4
2015-05-11,185.92
2015-05-12,184.3
2015-05-13,183.62
2015-05-14,184.03
2015-05-15,184.53
2015-05-16,184.53
2015-05-17,184.53
2015-05-18,185.27
2015-05-19,187.12
2015-05-20,187.56
2015-05-21,187.54
2015-05-22,188.05
2015-05-23,188.05
2015-05-24,188.05
2015-05-25,188.19
2015-05-26,188.06
2015-05-27,189.01
2015-05-28,188.57
2015-05-29,187.19
2015-05-30,187.19
2015-05-31,187.19
2015-06-01,187.51
2015-06-02,185.56
2015-06-03,184.85
2015-06-04,184.07
2015-06-05,184.79
2015-06-06,184.79
2015-06-07,184.79
2015-06-08,183.39
2015-06-09,182.65
2015-06-10,183.39
2015-06-11,184.43
2015-06-12,183.88
2015-06-13,183.88
2015-06-14,183.88
2015-06-15,183.02
2015-06-16,183.48
2015-06-17,183.31
2015-06-18,183.53
2015-06-19,184.18
2015-06-20,184.18
2015-06-21,184.18
2015-06-22,184.96
2015-06-23,185.65
2015-06-24,185.98
2015-06-25,185.82
2015-06-26,185.82
2015-06-27,185.82
2015-06-28,185.82
2015-06-29,183.73
2015-06-30,183.33
2015-07-01,185.03
2015-07-02,184.68
2015-07-03,184.72
2015-07-04,184.72
2015-07-05,184.72
2015-07-06,184.53
2015-07-07,184.74
2015-07-08,183.07
2015-07-09,183.66
2015-07-10,183.94
2015-07-11,183.94
2015-07-12,183.94
2015-07-13,186.23
2015-07-14,186.82
2015-07-15,187.22
2015-07-16,188.4
2015-07-17,188.92
2015-07-18,188.92
2015-07-19,188.92
2015-07-20,189.05
2015-07-21,188.15
2015-07-22,188.34
2015-07-23,186.98
2015-07-24,186.54
2015-07-25,186.54
2015-07-26,186.54
2015-07-27,184.02
2015-07-28,184.98
2015-07-29,185.97
2015-07-30,186.71
2015-07-31,186.13
2015-08-01,186.13
2015-08-02,186.13
2015-08-03,186.9
2015-08-04,187.08
2015-08-05,187.86
2015-08-06,186.41
2015-08-07,186.21
2015-08-08,186.21
2015-08-09,186.21
2015-08-10,186.74
2015-08-11,184.82
2015-08-12,182.3
2015-08-13,183.38
2015-08-14,183.53
2015-08-15,183.53
2015-08-16,183.53
2015-08-17,184.25
2015-08-18,184.32
2015-08-19,182.98
2015-08-20,180.48
2015-08-21,177.25
2015-08-22,177.25
2015-08-23,177.25
2015-08-24,171.78
2015-08-25,173.52
2015-08-26,173.89
2015-08-27,177.18
2015-08-28,177.79
2015-08-29,177.79
2015-08-30,177.79
2015-08-31,177.5
2015-09-01,174.82
2015-09-02,175.37
2015-09-03,177.56
2015-09-04,176.06
2015-09-05,176.06
2015-09-06,176.06
2015-09-07,176.12
2015-09-08,176.68
2015-09-09,177.76
2015-09-10,176.56
2015-09-11,176.12
2015-09-12,176.12
2015-09-13,176.12
2015-09-14,175.89
2015-09-15,176.47
2015-09-16,177.58
2015-09-17,178.0
2015-09-18,176.99
2015-09-19,176.99
2015-09-20,176.99
2015-09-21,177.64
2015-09-22,176.59
2015-09-23,176.27
2015-09-24,174.99
2015-09-25,176.22
2015-09-26,176.22
2015-09-27,176.22
2015-09-28,174.26
2015-09-29,173.23
2015-09-30,174.9
2015-10-01,175.06
2015-10-02,175.26
2015-10-03,175.26
2015-10-04,175.26
2015-10-05,178.01
2015-10-06,177.86
2015-10-07,178.32
2015-10-08,178.58
2015-10-09,178.53
2015-10-10,178.53
2015-10-11,178.53
2015-10-12,178.72
2015-10-13,178.02
2015-10-14,177.18
2015-10-15,178.39
2015-10-16,178.94
2015-10-17,178.94
2015-10-18,178.94
2015-10-19,179.51
2015-10-20,179.17
2015-10-21,179.02
2015-10-22,181.14
2015-10-23,183.24
2015-10-24,183.24
2015-10-25,183.24
2015-10-26,183.19
2015-10-27,182.78
2015-10-28,183.71
2015-10-29,184.17
2015-10-30,183.47
2015-10-31,183.47
2015-11-01,183.47
2015-11-02,184.15
2015-11-03,185.15
2015-11-04,185.34
2015-11-05,185.63
2015-11-06,186.19
2015-11-07,186.19
2015-11-08,186.19
2015-11-09,185.16
2015-11-10,186.13
2015-11-11,186.04
2015-11-12,184.58
2015-11-13,183.91
2015-11-14,183.91
2015-11-15,183.91
2015-11-16,184.01
2015-11-17,185.54
2015-11-18,185.97
2015-11-19,186.02
2015-11-20,186.87
2015-11-21,186.87
2015-11-22,186.87
2015-11-23,187.36
2015-11-24,186.91
2015-11-25,188.0
2015-11-26,188.19
2015-11-27,188.22
2015-11-28,188.22
2015-11-29,188.22
2015-11-30,188.05
2015-12-01,188.27
2015-12-02,188.67
2015-12-03,184.75
2015-12-04,184.5
2015-12-05,184.5
2015-12-06,184.5
2015-12-07,185.09
2015-12-08,184.03
2015-12-09,182.62
2015-12-10,182.61
2015-12-11,180.69
2015-12-12,180.69
2015-12-13,180.69
2015-12-14,179.41
2015-12-15,181.18
2015-12-16,182.04
2015-12-17,183.11
2015-12-18,182.0
2015-12-19,182.0
2015-12-20,182.0
2015-12-21,181.52
2015-12-22,181.43
2015-12-23,183.04
2015-12-24,182.93
2015-12-25,182.93
2015-12-26,182.93
2015-12-27,182.93
2015-12-28,182.48
2015-12-29,183.69
2015-12-30,183.37
2015-12-31,183.22
2016-01-01,183.22
2016-01-02,183.22
2016-01-03,183.22
2016-01-04,181.25
2016-01-05,182.02
2016-01-06,181.27
2016-01-07,179.02
2016-01-08,177.91
2016-01-09,177.91
2016-01-10,177.91
2016-01-11,177.26
2016-01-12,177.9
2016-01-13,177.16
2016-01-14,176.01
2016-01-15,174.11
2016-01-16,174.11
2016-01-17,174.11
2016-01-18,174.26
2016-01-19,174.51
2016-01-20,172.57
2016-01-21,173.79
2016-01-22,175.82
2016-01-23,175.82
2016-01-24,175.82
2016-01-25,175.52
2016-01-26,175.98
2016-01-27,175.72
2016-01-28,175.08
2016-01-29,177.8
2016-01-30,177.8
2016-01-31,177.8
2016-02-01,177.63
2016-02-02,176.25
2016-02-03,174.93
2016-02-04,173.55
2016-02-05,172.65
2016-02-06,172.65
2016-02-07,172.65
2016-02-08,170.92
2016-02-09,169.21
2016-02-10,169.8
2016-02-11,167.91
2016-02-12,168.94
2016-02-13,168.94
2016-02-14,168.94
2016-02-15,170.24
2016-02-16,171.47
2016-02-17,172.86
2016-02-18,173.63
2016-02-19,173.54
2016-02-20,173.54
2016-02-21,173.54
2016-02-22,175.25
2016-02-23,174.57
2016-02-24,174.22
2016-02-25,175.04
2016-02-26,176.09
2016-02-27,176.09
2016-02-28,176.09
2016-02-29,176.95
2016-03-01,178.61
2016-03-02,179.09
2016-03-03,179.08
2016-03-04,179.21
2016-03-05,179.21
2016-03-06,179.21
2016-03-07,179.67
2016-03-08,178.64
2016-03-09,178.87
2016-03-10,177.9
2016-03-11,179.28
2016-03-12,179.28
2016-03-13,179.28
2016-03-14,180.36
2016-03-15,180.14
2016-03-16,180.52
2016-03-17,179.8
2016-03-18,180.41
2016-03-19,180.41
2016-03-20,180.41
2016-03-21,180.34
2016-03-22,180.6
2016-03-23,180.31
2016-03-24,179.96
2016-03-25,180.13
2016-03-26,180.13
2016-03-27,180.13
2016-03-28,180.18
2016-03-29,180.96
2016-03-30,181.31
2016-03-31,180.76
2016-04-01,180.57
2016-04-02,180.57
2016-04-03,180.57
2016-04-04,180.49
2016-04-05,179.73
2016-04-06,179.99
2016-04-07,179.75
2016-04-08,179.9
2016-04-09,179.9
2016-04-10,179.9
2016-04-11,179.78
2016-04-12,180.23
2016-04-13,182.2
2016-04-14,182.41
2016-04-15,182.73
2016-04-16,182.73
2016-04-17,182.73
2016-04-18,183.04
2016-04-19,183.18
2016-04-20,183.36
2016-04-21,183.04
2016-04-22,183.21
2016-04-23,183.21
2016-04-24,183.21
2016-04-25,182.8
2016-04-26,183.04
2016-04-27,183.4
2016-04-28,183.43
2016-04-29,181.92
2016-04-30,181.92
2016-05-01,181.92
2016-05-02,181.99
2016-05-03,180.74
2016-05-04,180.44
2016-05-05,180.73
2016-05-06,180.96
2016-05-07,180.96
2016-05-08,180.96
2016-05-09,181.34
2016-05-10,182.26
2016-05-11,181.51
2016-05-12,181.42
2016-05-13,181.93
2016-05-14,181.93
2016-05-15,181.93
2016-05-16,181.73
2016-05-17,181.42
2016-05-18,181.23
2016-05-19,180.79
2016-05-20,181.6
2016-05-21,181.6
2016-05-22,181.6
2016-05-23,181.73
2016-05-24,182.97
2016-05-25,183.4
2016-05-26,183.51
2016-05-27,184.62
2016-05-28,184.62
2016-05-29,184.62
2016-05-30,184.62
2016-05-31,184.61
2016-06-01,184.62
2016-06-02,184.55
2016-06-03,183.79
2016-06-04,183.79
2016-06-05,183.79
2016-06-06,184.0
2016-06-07,184.66
2016-06-08,184.65
2016-06-09,184.84
2016-06-10,184.06
2016-06-11,184.06
2016-06-12,184.06
2016-06-13,182.79
2016-06-14,182.11
2016-06-15,182.41
2016-06-16,182.32
2016-06-17,181.71
2016-06-18,181.71
2016-06-19,181.71
2016-06-20,183.13
2016-06-21,183.67
2016-06-22,183.43
2016-06-23,183.5
2016-06-24,181.77
2016-06-25,181.77
2016-06-26,181.77
2016-06-27,180.16
2016-06-28,181.16
2016-06-29,182.85
2016-06-30,184.29
2016-07-01,185.14
2016-07-02,185.14
2016-07-03,185.14
2016-07-04,185.6
2016-07-05,185.12
2016-07-06,184.88
2016-07-07,184.95
2016-07-08,186.41
2016-07-09,186.41
2016-07-10,186.41
2016-07-11,187.42
2016-07-12,188.28
2016-07-13,188.05
2016-07-14,188.55
2016-07-15,188.21
2016-07-16,188.21
2016-07-17,188.21
2016-07-18,188.56
2016-07-19,188.49
2016-07-20,189.24
2016-07-21,188.98
2016-07-22,189.78
2016-07-23,189.78
2016-07-24,189.78
2016-07-25,189.46
2016-07-26,189.56
2016-07-27,189.52
2016-07-28,189.0
2016-07-29,189.29
2016-07-30,189.29
2016-07-31,189.29
2016-08-01,189.07
2016-08-02,187.6
2016-08-03,187.66
2016-08-04,188.52
2016-08-05,189.89
2016-08-06,189.89
2016-08-07,189.89
2016-08-08,190.23
2016-08-09,190.57
2016-08-10,190.08
2016-08-11,190.59
2016-08-12,190.72
2016-08-13,190.72
2016-08-14,190.72
2016-08-15,190.65
2016-08-16,189.46
2016-08-17,189.01
2016-08-18,189.28
2016-08-19,188.86
2016-08-20,188.86
2016-08-21,188.86
2016-08-22,188.94
2016-08-23,189.74
2016-08-24,189.78
2016-08-25,189.14
2016-08-26,189.39
2016-08-27,189.39
2016-08-28,189.39
2016-08-29,189.52
2016-08-30,189.94
2016-08-31,189.53
2016-09-01,189.35
2016-09-02,190.23
2016-09-03,190.23
2016-09-04,190.23
2016-09-05,190.71
2016-09-06,191.46
2016-09-07,191.61
2016-09-08,190.85
2016-09-09,189.07
2016-09-10,189.07
2016-09-11,189.07
2016-09-12,188.42
2016-09-13,187.54
2016-09-14,187.26
2016-09-15,187.83
2016-09-16,188.08
2016-09-17,188.08
2016-09-18,188.08
2016-09-19,188.68
2016-09-20,188.81
2016-09-21,189.55
2016-09-22,190.84
2016-09-23,191.05
2016-09-24,191.05
2016-09-25,191.05
2016-09-26,189.92
2016-09-27,190.58
2016-09-28,191.0
2016-09-29,190.51
2016-09-30,190.42
2016-10-01,190.42
2016-10-02,190.42
2016-10-03,190.36
2016-10-04,190.59
2016-10-05,190.32
2016-10-06,190.25
2016-10-07,189.6
2016-10-08,189.6
2016-10-09,189.6
2016-10-10,189.97
2016-10-11,190.45
2016-10-12,190.57
2016-10-13,190.02
2016-10-14,190.46
2016-10-15,190.46
2016-10-16,190.46
2016-10-17,190.22
2016-10-18,190.97
2016-10-19,191.5
2016-10-20,191.46
2016-10-21,192.08
2016-10-22,192.08
2016-10-23,192.08
2016-10-24,192.18
2016-10-25,191.79
2016-10-26,191.03
2016-10-27,190.36
2016-10-28,190.07
2016-10-29,190.07
2016-10-30,190.07
2016-10-31,189.88
2016-11-01,188.81
2016-11-02,186.91
2016-11-03,186.53
2016-11-04,186.25
2016-11-05,186.25
2016-11-06,186.25
2016-11-07,188.02
2016-11-08,188.6
2016-11-09,189.02
2016-11-10,189.0
2016-11-11,188.65
2016-11-12,188.65
2016-11-13,188.65
2016-11-14,189.72
2016-11-15,189.83
2016-11-16,190.1
2016-11-17,191.14
2016-11-18,191.4
2016-11-19,191.4
2016-11-20,191.4
2016-11-21,191.45
2016-11-22,192.07
2016-11-23,192.27
2016-11-24,192.38
2016-11-25,192.3
2016-11-26,192.3
2016-11-27,192.3
2016-11-28,192.44
2016-11-29,192.41
2016-11-30,192.08
2016-12-01,190.76
2016-12-02,190.85
2016-12-03,190.85
2016-12-04,190.85
2016-12-05,191.01
2016-12-06,191.55
2016-12-07,192.42
2016-12-08,194.33
2016-12-09,195.27
2016-12-10,195.27
2016-12-11,195.27
2016-12-12,194.48
2016-12-13,195.06
2016-12-14,194.41
2016-12-15,195.62
2016-12-16,195.56
2016-12-17,195.56
2016-12-18,195.56
2016-12-19,195.54
2016-12-20,196.61
2016-12-21,196.18
2016-12-22,195.46
2016-12-23,195.81
2016-12-24,195.81
2016-12-25,195.81
2016-12-26,195.8
2016-12-27,195.87
2016-12-28,196.21
2016-12-29,195.74
2016-12-30,195.01
2016-12-31,195.01
2017-01-01,195.01
2017-01-02,195.26
2017-01-03,196.29
2017-01-04,196.81
2017-01-05,196.11
2017-01-06,196.21
2017-01-07,196.21
2017-01-08,196.21
2017-01-09,196.07
2017-01-10,196.14
2017-01-11,197.03
2017-01-12,195.72
2017-01-13,196.65
2017-01-14,196.65
2017-01-15,196.65
2017-01-16,196.63
2017-01-17,195.82
2017-01-18,196.07
2017-01-19,196.21
2017-01-20,195.86
2017-01-21,195.86
2017-01-22,195.86
2017-01-23,195.58
2017-01-24,196.07
2017-01-25,196.95
2017-01-26,197.33
2017-01-27,196.7
2017-01-28,196.7
2017-01-29,196.7
2017-01-30,196.16
2017-01-31,195.25
2017-02-01,195.73
2017-02-02,195.6
2017-02-03,196.36
2017-02-04,196.36
2017-02-05,196.36
2017-02-06,196.5
2017-02-07,196.77
2017-02-08,196.86
2017-02-09,197.72
2017-02-10,198.5
2017-02-11,198.5
2017-02-12,198.5
2017-02-13,199.28
2017-02-14,199.4
2017-02-15,199.82
2017-02-16,199.29
2017-02-17,199.62
2017-02-18,199.62
2017-02-19,199.62
2017-02-20,199.64
2017-02-21,200.96
2017-02-22,201.17
2017-02-23,200.7
2017-02-24,200.48
2017-02-25,200.48
2017-02-26,200.48
2017-02-27,200.43
2017-02-28,200.09
2017-03-01,201.62
2017-03-02,201.24
2017-03-03,200.79
2017-03-04,200.79
2017-03-05,200.79
2017-03-06,200.25
2017-03-07,200.17
2017-03-08,199.95
2017-03-09,199.37
2017-03-10,199.17
2017-03-11,199.17
2017-03-12,199.17
2017-03-13,199.45
2017-03-14,199.36
2017-03-15,200.23
2017-03-16,200.27
2017-03-17,200.61
2017-03-18,200.61
2017-03-19,200.61
2017-03-20,200.39
2017-03-21,198.92
2017-03-22,198.8
2017-03-23,199.43
2017-03-24,199.31
2017-03-25,199.31
2017-03-26,199.31
2017-03-27,198.62
2017-03-28,199.21
2017-03-29,200.44
2017-03-30,200.99
2017-03-31,201.25
2017-04-01,201.25
2017-04-02,201.25
2017-04-03,201.13
2017-04-04,201.37
2017-04-05,200.99
2017-04-06,201.18
2017-04-07,201.68
2017-04-08,201.68
2017-04-09,201.68
2017-04-10,201.95
2017-04-11,202.21
2017-04-12,202.07
2017-04-13,201.79
2017-04-14,201.64
2017-04-15,201.64
2017-04-16,201.64
2017-04-17,201.72
2017-04-18,201.54
2017-04-19,201.38
2017-04-20,201.53
2017-04-21,202.2
2017-04-22,202.2
2017-04-23,202.2
2017-04-24,202.22
2017-04-25,202.38
2017-04-26,203.13
2017-04-27,203.27
2017-04-28,202.7
2017-04-29,202.7
2017-04-30,202.7
2017-05-01,202.67
2017-05-02,203.02
2017-05-03,202.82
2017-05-04,202.46
2017-05-05,202.61
2017-05-06,202.61
2017-05-07,202.61
2017-05-08,203.13
2017-05-09,203.65
2017-05-10,204.1
2017-05-11,203.85
2017-05-12,203.45
2017-05-13,203.45
2017-05-14,203.45
2017-05-15,203.32
2017-05-16,203.04
2017-05-17,201.6
2017-05-18,201.24
2017-05-19,201.43
2017-05-20,201.43
2017-05-21,201.43
2017-05-22,201.44
2017-05-23,201.91
2017-05-24,202.21
2017-05-25,202.63
2017-05-26,203.11
2017-05-27,203.11
2017-05-28,203.11
2017-05-29,203.1
2017-05-30,202.79
2017-05-31,202.57
2017-06-01,203.34
2017-06-02,203.9
2017-06-03,203.9
2017-06-04,203.9
2017-06-05,203.95
2017-06-06,203.7
2017-06-07,203.76
2017-06-08,203.79
2017-06-09,204.2
2017-06-10,204.2
2017-06-11,204.2
2017-06-12,203.04
2017-06-13,203.68
2017-06-14,203.32
2017-06-15,203.02
2017-06-16,203.4
2017-06-17,203.4
2017-06-18,203.4
2017-06-19,204.49
2017-06-20,204.42
2017-06-21,204.05
2017-06-22,203.97
2017-06-23,203.85
2017-06-24,203.85
2017-06-25,203.85
2017-06-26,204.35
2017-06-27,202.78
2017-06-28,202.46
2017-06-29,201.04
2017-06-30,201.19
2017-07-01,201.19
2017-07-02,201.19
2017-07-03,201.7
2017-07-04,201.51
2017-07-05,201.62
2017-07-06,200.33
2017-07-07,200.64
2017-07-08,200.64
2017-07-09,200.64
2017-07-10,201.17
2017-07-11,200.66
2017-07-12,201.91
2017-07-13,202.4
2017-07-14,202.42
2017-07-15,202.42
2017-07-16,202.42
2017-07-17,202.74
2017-07-18,201.98
2017-07-19,203.24
2017-07-20,202.72
2017-07-21,202.12
2017-07-22,202.12
2017-07-23,202.12
2017-07-24,202.17
2017-07-25,201.85
2017-07-26,202.39
2017-07-27,202.32
2017-07-28,201.0
2017-07-29,201.0
2017-07-30,201.0
2017-07-31,200.62
2017-08-01,200.75
2017-08-02,200.28
2017-08-03,200.25
2017-08-04,200.83
2017-08-05,200.83
2017-08-06,200.83
2017-08-07,201.1
2017-08-08,201.21
2017-08-09,200.77
2017-08-10,199.63
2017-08-11,198.85
2017-08-12,198.85
2017-08-13,198.85
2017-08-14,199.84
2017-08-15,199.96
2017-08-16,200.82
2017-08-17,200.28
2017-08-18,199.68
2017-08-19,199.68
2017-08-20,199.68
2017-08-21,199.3
2017-08-22,200.16
2017-08-23,199.62
2017-08-24,199.69
2017-08-25,199.65
2017-08-26,199.65
2017-08-27,199.65
2017-08-28,199.21
2017-08-29,198.22
2017-08-30,199.28
2017-08-31,200.39
2017-09-01,201.05
2017-09-02,201.05
2017-09-03,201.05
2017-09-04,200.81
2017-09-05,200.18
2017-09-06,199.72
2017-09-07,199.62
2017-09-08,199.4
2017-09-09,199.4
2017-09-10,199.4
2017-09-11,200.43
2017-09-12,200.79
2017-09-13,201.17
2017-09-14,201.2
2017-09-15,200.78
2017-09-16,200.78
2017-09-17,200.78
2017-09-18,201.07
2017-09-19,200.87
2017-09-20,200.88
2017-09-21,200.75
2017-09-22,200.63
2017-09-23,200.63
2017-09-24,200.63
2017-09-25,201.09
2017-09-26,201.57
2017-09-27,202.03
2017-09-28,202.2
2017-09-29,202.72
2017-09-30,202.72
2017-10-01,202.72
2017-10-02,203.61
2017-10-03,203.76
2017-10-04,204.15
2017-10-05,204.57
2017-10-06,204.45
2017-10-07,204.45
2017-10-08,204.45
2017-10-09,204.36
2017-10-10,204.31
2017-10-11,204.06
2017-10-12,204.28
2017-10-13,204.53
2017-10-14,204.53
2017-10-15,204.53
2017-10-16,204.92
2017-10-17,205.03
2017-10-18,204.95
2017-10-19,203.99
2017-10-20,204.36
2017-10-21,204.36
2017-10-22,204.36
2017-10-23,204.4
2017-10-24,204.17
2017-10-25,203.56
2017-10-26,204.87
2017-10-27,206.67
2017-10-28,206.67
2017-10-29,206.67
2017-10-30,206.37
2017-10-31,206.73
2017-11-01,207.21
2017-11-02,206.75
2017-11-03,207.24
2017-11-04,207.24
2017-11-05,207.24
2017-11-06,207.75
2017-11-07,207.37
2017-11-08,207.46
2017-11-09,206.09
2017-11-10,205.77
2017-11-11,205.77
2017-11-12,205.77
2017-11-13,205.8
2017-11-14,205.03
2017-11-15,203.97
2017-11-16,205.33
2017-11-17,205.5
2017-11-18,205.5
2017-11-19,205.5
2017-11-20,206.34
2017-11-21,207.36
2017-11-22,206.98
2017-11-23,206.82
2017-11-24,206.25
2017-11-25,206.25
2017-11-26,206.25
2017-11-27,206.01
2017-11-28,206.71
2017-11-29,206.51
2017-11-30,206.12
2017-12-01,206.06
2017-12-02,206.06
2017-12-03,206.06
2017-12-04,206.68
2017-12-05,206.66
2017-12-06,206.49
2017-12-07,206.72
2017-12-08,207.33
2017-12-09,207.33
2017-12-10,207.33
2017-12-11,207.29
2017-12-12,207.53
2017-12-13,207.51
2017-12-14,207.14
2017-12-15,207.81
2017-12-16,207.81
2017-12-17,207.81
2017-12-18,208.72
2017-12-19,208.1
2017-12-20,207.45
2017-12-21,208.12
2017-12-22,208.27
2017-12-23,208.27
2017-12-24,208.27
2017-12-25,208.27
2017-12-26,208.24
2017-12-27,208.31
2017-12-28,207.89
2017-12-29,207.34
2017-12-30,207.34
2017-12-31,207.34
2018-01-01,207.34
2018-01-02,207.53
2018-01-03,208.42
2018-01-04,208.58
2018-01-05,209.69
2018-01-06,209.69
2018-01-07,209.69
2018-01-08,210.27
2018-01-09,211.0
2018-01-10,210.1
2018-01-11,210.31
2018-01-12,210.29
2018-01-13,210.29
2018-01-14,210.29
2018-01-15,209.99
2018-01-16,209.72
2018-01-17,209.9
2018-01-18,209.46
2018-01-19,210.52
2018-01-20,210.52
2018-01-21,210.52
2018-01-22,211.35
2018-01-23,211.83
2018-01-24,210.84
2018-01-25,210.09
2018-01-26,210.99
2018-01-27,210.99
2018-01-28,210.99
2018-01-29,210.98
2018-01-30,209.75
2018-01-31,209.66
2018-02-01,209.5
2018-02-02,207.73
2018-02-03,207.73
2018-02-04,207.73
2018-02-05,205.7
2018-02-06,204.01
2018-02-07,205.76
2018-02-08,203.13
2018-02-09,202.0
2018-02-10,202.0
2018-02-11,202.0
2018-02-12,203.26
2018-02-13,202.68
2018-02-14,204.0
2018-02-15,204.32
2018-02-16,205.63
2018-02-17,205.63
2018-02-18,205.63
2018-02-19,205.41
2018-02-20,205.69
2018-02-21,206.15
2018-02-22,205.84
2018-02-23,206.59
2018-02-24,206.59
2018-02-25,206.59
2018-02-26,207.38
2018-02-27,206.67
2018-02-28,206.47
2018-03-01,205.75
2018-03-02,204.23
2018-03-03,204.23
2018-03-04,204.23
2018-03-05,204.79
2018-03-06,205.21
2018-03-07,205.25
2018-03-08,206.32
2018-03-09,207.27
2018-03-10,207.27
2018-03-11,207.27
2018-03-12,207.75
2018-03-13,206.95
2018-03-14,206.82
2018-03-15,207.07
2018-03-16,207.33
2018-03-17,207.33
2018-03-18,207.33
2018-03-19,205.96
2018-03-20,206.87
2018-03-21,206.96
2018-03-22,205.14
2018-03-23,203.11
2018-03-24,203.11
2018-03-25,203.11
2018-03-26,202.9
2018-03-27,203.58
2018-03-28,203.22
2018-03-29,204.46
2018-03-30,204.52
2018-03-31,204.52
2018-04-01,204.52
2018-04-02,203.77
2018-04-03,204.17
2018-04-04,204.01
2018-04-05,206.04
2018-04-06,205.07
2018-04-07,205.07
2018-04-08,205.07
2018-04-09,205.01
2018-04-10,205.53
2018-04-11,205.7
2018-04-12,206.46
2018-04-13,206.19
2018-04-14,206.19
2018-04-15,206.19
2018-04-16,206.16
2018-04-17,207.17
2018-04-18,207.55
2018-04-19,206.88
2018-04-20,206.79
2018-04-21,206.79
2018-04-22,206.79
2018-04-23,206.76
2018-04-24,205.89
2018-04-25,205.66
2018-04-26,206.74
2018-04-27,207.67
2018-04-28,207.67
2018-04-29,207.67
2018-04-30,207.56
2018-05-01,207.09
2018-05-02,208.01
2018-05-03,207.37
2018-05-04,208.69
2018-05-05,208.69
2018-05-06,208.69
2018-05-07,209.08
2018-05-08,209.83
2018-05-09,210.08
2018-05-10,210.39
2018-05-11,210.46
2018-05-12,210.46
2018-05-13,210.46
2018-05-14,210.11
2018-05-15,210.39
2018-05-16,212.03
2018-05-17,212.3
2018-05-18,212.54
2018-05-19,212.54
2018-05-20,212.54
2018-05-21,212.7
2018-05-22,212.44
2018-05-23,213.06
2018-05-24,213.24
2018-05-25,214.14
2018-05-26,214.14
2018-05-27,214.14
2018-05-28,214.21
2018-05-29,213.76
2018-05-30,213.7
2018-05-31,213.62
2018-06-01,214.05
2018-06-02,214.05
2018-06-03,214.05
2018-06-04,214.75
2018-06-05,215.58
2018-06-06,215.0
2018-06-07,214.35
2018-06-08,215.06
2018-06-09,215.06
2018-06-10,215.06
2018-06-11,215.06
2018-06-12,215.36
2018-06-13,215.57
2018-06-14,216.8
2018-06-15,216.83
2018-06-16,216.83
2018-06-17,216.83
2018-06-18,216.61
2018-06-19,215.79
2018-06-20,216.12
2018-06-21,215.19
2018-06-22,215.08
2018-06-23,215.08
2018-06-24,215.08
2018-06-25,212.48
2018-06-26,212.74
2018-06-27,212.91
2018-06-28,212.59
2018-06-29,213.16
2018-06-30,213.16
2018-07-01,213.16
2018-07-02,212.5
2018-07-03,212.49
2018-07-04,212.36
2018-07-05,212.24
2018-07-06,212.79
2018-07-07,212.79
2018-07-08,212.79
2018-07-09,213.6
2018-07-10,214.07
2018-07-11,213.07
2018-07-12,214.2
2018-07-13,214.94
2018-07-14,214.94
2018-07-15,214.94
2018-07-16,214.43
2018-07-17,215.34
2018-07-18,215.54
2018-07-19,215.67
2018-07-20,214.75
2018-07-21,214.75
2018-07-22,214.75
2018-07-23,214.26
2018-07-24,214.36
2018-07-25,214.99
2018-07-26,215.67
2018-07-27,214.98
2018-07-28,214.98
2018-07-29,214.98
2018-07-30,213.44
2018-07-31,214.04
2018-08-01,214.17
2018-08-02,214.5
2018-08-03,215.43
2018-08-04,215.43
2018-08-05,215.43
2018-08-06,216.03
2018-08-07,216.09
2018-08-08,216.02
2018-08-09,216.0
2018-08-10,216.53
2018-08-11,216.53
2018-08-12,216.53
2018-08-13,215.64
2018-08-14,216.53
2018-08-15,215.6
2018-08-16,215.78
2018-08-17,215.81
2018-08-18,215.81
2018-08-19,215.81
2018-08-20,216.23
2018-08-21,216.17
2018-08-22,215.94
2018-08-23,216.3
2018-08-24,216.44
2018-08-25,216.44
2018-08-26,216.44
2018-08-27,216.7
2018-08-28,216.21
2018-08-29,216.75
2018-08-30,216.42
2018-08-31,216.51
2018-09-01,216.51
2018-09-02,216.51
2018-09-03,216.29
2018-09-04,215.94
2018-09-05,214.16
2018-09-06,213.7
2018-09-07,214.12
2018-09-08,214.12
2018-09-09,214.12
2018-09-10,213.95
2018-09-11,214.19
2018-09-12,214.26
2018-09-13,213.97
2018-09-14,214.62
2018-09-15,214.62
2018-09-16,214.62
2018-09-17,213.57
2018-09-18,213.74
2018-09-19,213.51
2018-09-20,213.58
2018-09-21,213.9
2018-09-22,213.9
2018-09-23,213.9
2018-09-24,212.83
2018-09-25,213.23
2018-09-26,213.88
2018-09-27,214.5
2018-09-28,215.14
2018-09-29,215.14
2018-09-30,215.14
2018-10-01,215.18
2018-10-02,214.78
2018-10-03,214.82
2018-10-04,212.52
2018-10-05,211.31
2018-10-06,211.31
2018-10-07,211.31
2018-10-08,210.88
2018-10-09,211.14
2018-10-10,207.73
2018-10-11,205.35
2018-10-12,206.11
2018-10-13,206.11
2018-10-14,206.11
2018-10-15,205.57
2018-10-16,207.46
2018-10-17,208.06
2018-10-18,207.32
2018-10-19,206.7
2018-10-20,206.7
2018-10-21,206.7
2018-10-22,206.87
2018-10-23,205.17
2018-10-24,204.99
2018-10-25,205.41
2018-10-26,204.2
2018-10-27,204.2
2018-10-28,204.2
2018-10-29,203.85
2018-10-30,204.41
2018-10-31,206.59
2018-11-01,206.92
2018-11-02,207.4
2018-11-03,207.4
2018-11-04,207.4
2018-11-05,207.4
2018-11-06,207.7
2018-11-07,208.68
2018-11-08,208.73
2018-11-09,208.09
2018-11-10,208.09
2018-11-11,208.09
2018-11-12,207.28
2018-11-13,207.35
2018-11-14,206.26
2018-11-15,206.08
2018-11-16,205.28
2018-11-17,205.28
2018-11-18,205.28
2018-11-19,203.74
2018-11-20,202.22
2018-11-21,203.0
2018-11-22,202.8
2018-11-23,203.51
2018-11-24,203.51
2018-11-25,203.51
2018-11-26,204.26
2018-11-27,204.43
2018-11-28,205.27
2018-11-29,205.09
2018-11-30,205.57
2018-12-01,205.57
2018-12-02,205.57
2018-12-03,207.15
2018-12-04,205.48
2018-12-05,204.58
2018-12-06,202.6
2018-12-07,202.36
2018-12-08,202.36
2018-12-09,202.36
2018-12-10,200.81
2018-12-11,202.1
2018-12-12,202.88
2018-12-13,202.33
2018-12-14,201.58
2018-12-15,201.58
2018-12-16,201.58
2018-12-17,199.69
2018-12-18,199.03
2018-12-19,198.54
2018-12-20,196.01
2018-12-21,195.42
2018-12-22,195.42
2018-12-23,195.42
2018-12-24,194.3
2018-12-25,194.3
2018-12-26,194.55
2018-12-27,195.33
2018-12-28,196.4
2018-12-29,196.4
2018-12-30,196.4
2018-12-31,197.32
2019-01-01,197.32
2019-01-02,197.64
2019-01-03,196.61
2019-01-04,198.94
2019-01-05,198.94
2019-01-06,198.94
2019-01-07,199.47
2019-01-08,200.71
2019-01-09,201.15
2019-01-10,200.94
2019-01-11,201.9
2019-01-12,201.9
2019-01-13,201.9
2019-01-14,201.41
2019-01-15,202.53
2019-01-16,203.1
2019-01-17,203.69
2019-01-18,205.24
2019-01-19,205.24
2019-01-20,205.24
2019-01-21,205.25
2019-01-22,204.4
2019-01-23,204.25
2019-01-24,205.05
2019-01-25,205.65
2019-01-26,205.65
2019-01-27,205.65
2019-01-28,204.7
2019-01-29,205.16
2019-01-30,206.26
2019-01-31,207.26
2019-02-01,207.09
2019-02-02,207.09
2019-02-03,207.09
2019-02-04,207.63
2019-02-05,208.9
2019-02-06,208.85
2019-02-07,208.12
2019-02-08,207.83
2019-02-09,207.83
2019-02-10,207.83
2019-02-11,208.78
2019-02-12,209.82
2019-02-13,210.47
2019-02-14,210.22
2019-02-15,211.19
2019-02-16,211.19
2019-02-17,211.19
2019-02-18,211.33
2019-02-19,211.7
2019-02-20,211.85
2019-02-21,211.74
2019-02-22,212.55
2019-02-23,212.55
2019-02-24,212.55
2019-02-25,212.8
2019-02-26,212.59
2019-02-27,212.2
2019-02-28,212.08
2019-03-01,212.75
2019-03-02,212.75
2019-03-03,212.75
2019-03-04,213.09
2019-03-05,213.29
2019-03-06,212.47
2019-03-07,212.43
2019-03-08,211.36
2019-03-09,211.36
2019-03-10,211.36
2019-03-11,212.71
2019-03-12,212.74
2019-03-13,213.24
2019-03-14,213.46
2019-03-15,213.74
2019-03-16,213.74
2019-03-17,213.74
2019-03-18,214.12
2019-03-19,214.29
2019-03-20,213.48
2019-03-21,214.17
2019-03-22,213.08
2019-03-23,213.08
2019-03-24,213.08
2019-03-25,212.54
2019-03-26,213.9
2019-03-27,213.93
2019-03-28,214.54
2019-03-29,215.22
2019-03-30,215.22
2019-03-31,215.22
2019-04-01,216.34
2019-04-02,216.74
2019-04-03,217.11
2019-04-04,217.21
2019-04-05,217.67
2019-04-06,217.67
2019-04-07,217.67
2019-04-08,217.33
2019-04-09,216.81
2019-04-10,217.93
2019-04-11,218.05
2019-04-12,218.26
2019-04-13,218.26
2019-04-14,218.26
2019-04-15,218.43
2019-04-16,218.78
2019-04-17,218.61
2019-04-18,219.05
2019-04-19,219.02
2019-04-20,219.02
2019-04-21,219.02
2019-04-22,218.87
2019-04-23,220.08
2019-04-24,220.34
2019-04-25,220.38
2019-04-26,220.99
2019-04-27,220.99
2019-04-28,220.99
2019-04-29,221.24
2019-04-30,220.73
2019-05-01,220.89
2019-05-02,219.95
2019-05-03,221.62
2019-05-04,221.62
2019-05-05,221.62
2019-05-06,220.8
2019-05-07,219.45
2019-05-08,219.0
2019-05-09,217.92
2019-05-10,217.49
2019-05-11,217.49
2019-05-12,217.49
2019-05-13,215.29
2019-05-14,216.73
2019-05-15,217.62
2019-05-16,218.65
2019-05-17,217.96
2019-05-18,217.96
2019-05-19,217.96
2019-05-20,216.47
2019-05-21,217.23
2019-05-22,217.17
2019-05-23,215.59
2019-05-24,215.6
2019-05-25,215.6
2019-05-26,215.6
2019-05-27,215.66
2019-05-28,215.57
2019-05-29,214.33
2019-05-30,214.55
2019-05-31,213.56
2019-06-01,213.56
2019-06-02,213.56
2019-06-03,213.22
2019-06-04,214.2
2019-06-05,215.2
2019-06-06,215.28
2019-06-07,216.51
2019-06-08,216.51
2019-06-09,216.51
2019-06-10,217.25
2019-06-11,217.79
2019-06-12,217.47
2019-06-13,218.17
2019-06-14,218.09
2019-06-15,218.09
2019-06-16,218.09
2019-06-17,218.48
2019-06-18,220.41
2019-06-19,220.71
2019-06-20,221.68
2019-06-21,220.68
2019-06-22,220.68
2019-06-23,220.68
2019-06-24,220.1
2019-06-25,219.56
2019-06-26,219.25
2019-06-27,219.92
2019-06-28,220.81
2019-06-29,220.81
2019-06-30,220.81
2019-07-01,222.27
2019-07-02,222.68
2019-07-03,223.86
2019-07-04,223.98
2019-07-05,223.88
2019-07-06,223.88
2019-07-07,223.88
2019-07-08,223.46
2019-07-09,223.28
2019-07-10,223.21
2019-07-11,223.15
2019-07-12,223.7
2019-07-13,223.7
2019-07-14,223.7
2019-07-15,223.63
2019-07-16,224.18
2019-07-17,223.84
2019-07-18,223.53
2019-07-19,223.79
2019-07-20,223.79
2019-07-21,223.79
2019-07-22,223.71
2019-07-23,224.89
2019-07-24,225.96
2019-07-25,225.17
2019-07-26,226.32
2019-07-27,226.32
2019-07-28,226.32
2019-07-29,225.84
2019-07-30,225.29
2019-07-31,224.68
2019-08-01,225.11
2019-08-02,221.86
2019-08-03,221.86
2019-08-04,221.86
2019-08-05,218.06
2019-08-06,218.35
2019-08-07,218.83
2019-08-08,221.01
2019-08-09,219.82
2019-08-10,219.82
2019-08-11,219.82
2019-08-12,219.06
2019-08-13,219.95
2019-08-14,218.0
2019-08-15,218.49
2019-08-16,220.07
2019-08-17,220.07
2019-08-18,220.07
2019-08-19,221.3
2019-08-20,221.23
2019-08-21,222.02
2019-08-22,221.5
2019-08-23,220.0
2019-08-24,220.0
2019-08-25,220.0
2019-08-26,220.21
2019-08-27,220.54
2019-08-28,221.12
2019-08-29,222.36
2019-08-30,223.1
2019-08-31,223.1
2019-09-01,223.1
2019-09-02,223.36
2019-09-03,223.28
2019-09-04,223.78
2019-09-05,224.27
2019-09-06,224.41
2019-09-07,224.41
2019-09-08,224.41
2019-09-09,224.22
2019-09-10,223.55
2019-09-11,224.83
2019-09-12,224.85
2019-09-13,224.24
2019-09-14,224.24
2019-09-15,224.24
2019-09-16,223.89
2019-09-17,223.98
2019-09-18,223.64
2019-09-19,224.13
2019-09-20,224.37
2019-09-21,224.37
2019-09-22,224.37
2019-09-23,224.4
2019-09-24,223.99
2019-09-25,223.92
2019-09-26,224.07
2019-09-27,224.13
2019-09-28,224.13
2019-09-29,224.13
2019-09-30,224.59
2019-10-01,223.04
2019-10-02,220.88
2019-10-03,220.99
2019-10-04,222.31
2019-10-05,222.31
2019-10-06,222.31
2019-10-07,222.26
2019-10-08,221.14
2019-10-09,221.54
2019-10-10,221.63
2019-10-11,222.48
2019-10-12,222.48
2019-10-13,222.48
2019-10-14,222.49
2019-10-15,223.49
2019-10-16,223.14
2019-10-17,223.15
2019-10-18,222.42
2019-10-19,222.42
2019-10-20,222.42
2019-10-21,222.71
2019-10-22,222.88
2019-10-23,222.51
2019-10-24,223.24
2019-10-25,223.91
2019-10-26,223.91
2019-10-27,223.91
2019-10-28,224.22
2019-10-29,224.06
2019-10-30,224.31
2019-10-31,223.83
2019-11-01,224.08
2019-11-02,224.08
2019-11-03,224.08
2019-11-04,225.46
2019-11-05,225.85
2019-11-06,225.66
2019-11-07,226.27
2019-11-08,226.05
2019-11-09,226.05
2019-11-10,226.05
2019-11-11,225.58
2019-11-12,226.04
2019-11-13,225.87
2019-11-14,225.97
2019-11-15,226.24
2019-11-16,226.24
2019-11-17,226.24
2019-11-18,226.2
2019-11-19,225.81
2019-11-20,225.41
2019-11-21,224.79
2019-11-22,225.45
2019-11-23,225.45
2019-11-24,225.45
2019-11-25,227.04
2019-11-26,227.84
2019-11-27,228.63
2019-11-28,228.54
2019-11-29,228.02
2019-11-30,228.02
2019-12-01,228.02
2019-12-02,226.09
2019-12-03,225.39
2019-12-04,226.16
2019-12-05,226.29
2019-12-06,227.79
2019-12-07,227.79
2019-12-08,227.79
2019-12-09,227.63
2019-12-10,227.41
2019-12-11,227.51
2019-12-12,227.85
2019-12-13,228.5
2019-12-14,228.5
2019-12-15,228.5
2019-12-16,229.46
2019-12-17,229.42
2019-12-18,229.76
2019-12-19,229.85
2019-12-20,231.04
2019-12-21,231.04
2019-12-22,231.04
2019-12-23,230.99
2019-12-24,231.02
2019-12-25,231.02
2019-12-26,231.23
2019-12-27,231.24
2019-12-28,231.24
2019-12-29,231.24
2019-12-30,229.99
2019-12-31,229.87
2020-01-01,229.87
2020-01-02,231.01
2020-01-03,230.84
2020-01-04,230.84
2020-01-05,230.84
2020-01-06,230.25
2020-01-07,230.67
2020-01-08,231.07
2020-01-09,231.94
2020-01-10,231.86
2020-01-11,231.86
2020-01-12,231.86
2020-01-13,232.21
2020-01-14,232.61
2020-01-15,232.71
2020-01-16,233.18
2020-01-17,234.05
2020-01-18,234.05
2020-01-19,234.05
2020-01-20,233.93
2020-01-21,233.45
2020-01-22,233.83
2020-01-23,233.33
2020-01-24,233.26
2020-01-25,233.26
2020-01-26,233.26
2020-01-27,230.94
2020-01-28,231.8
2020-01-29,231.9
2020-01-30,230.89
2020-01-31,230.07
2020-02-01,230.07
2020-02-02,230.07
2020-02-03,230.71
2020-02-04,232.68
2020-02-05,233.83
2020-02-06,234.15
2020-02-07,233.82
2020-02-08,233.82
2020-02-09,233.82
2020-02-10,234.45
2020-02-11,235.43
2020-02-12,236.54
2020-02-13,237.01
2020-02-14,237.14
2020-02-15,237.14
2020-02-16,237.14
2020-02-17,237.17
2020-02-18,236.78
2020-02-19,238.09
2020-02-20,237.23
2020-02-21,236.0
2020-02-22,236.0
2020-02-23,236.0
2020-02-24,231.58
2020-02-25,229.14
2020-02-26,227.62
2020-02-27,223.13
2020-02-28,219.92
2020-02-29,219.92
2020-03-01,219.92
2020-03-02,221.07
2020-03-03,221.43
2020-03-04,223.07
2020-03-05,221.23
2020-03-06,217.35
2020-03-07,217.35
2020-03-08,217.35
2020-03-09,209.21
2020-03-10,209.71
2020-03-11,206.57
2020-03-12,197.39
2020-03-13,197.79
2020-03-14,197.79
2020-03-15,197.79
2020-03-16,190.75
2020-03-17,191.4
2020-03-18,185.25
2020-03-19,187.82
2020-03-20,187.47
2020-03-21,187.47
2020-03-22,187.47
2020-03-23,184.55
2020-03-24,190.83
2020-03-25,194.58
2020-03-26,197.27
2020-03-27,196.16
2020-03-28,196.16
2020-03-29,196.16
2020-03-30,198.23
2020-03-31,198.24
2020-04-01,195.28
2020-04-02,195.99
2020-04-03,195.17
2020-04-04,195.17
2020-04-05,195.17
2020-04-06,199.6
2020-04-07,201.14
2020-04-08,202.71
2020-04-09,205.03
2020-04-10,204.82
2020-04-11,204.82
2020-04-12,204.82
2020-04-13,204.94
2020-04-14,208.36
2020-04-15,207.29
2020-04-16,207.8
2020-04-17,209.89
2020-04-18,209.89
2020-04-19,209.89
2020-04-20,210.26
2020-04-21,206.45
2020-04-22,207.65
2020-04-23,208.81
2020-04-24,208.94
2020-04-25,208.94
2020-04-26,208.94
2020-04-27,211.39
2020-04-28,211.91
2020-04-29,213.8
2020-04-30,212.56
2020-05-01,210.97
2020-05-02,210.97
2020-05-03,210.97
2020-05-04,208.71
2020-05-05,209.98
2020-05-06,210.02
2020-05-07,211.71
2020-05-08,212.39
2020-05-09,212.39
2020-05-10,212.39
2020-05-11,213.07
2020-05-12,212.15
2020-05-13,209.93
2020-05-14,209.35
2020-05-15,210.04
2020-05-16,210.04
2020-05-17,210.04
2020-05-18,213.37
2020-05-19,213.5
2020-05-20,214.67
2020-05-21,214.13
2020-05-22,214.63
2020-05-23,214.63
2020-05-24,214.63
2020-05-25,215.2
2020-05-26,216.25
2020-05-27,216.92
2020-05-28,217.41
2020-05-29,216.69
2020-05-30,216.69
2020-05-31,216.69
2020-06-01,217.63
2020-06-02,218.44
2020-06-03,220.1
2020-06-04,219.76
2020-06-05,221.55
2020-06-06,221.55
2020-06-07,221.55
2020-06-08,222.35
2020-06-09,221.85
2020-06-10,221.4
2020-06-11,217.14
2020-06-12,217.32
2020-06-13,217.32
2020-06-14,217.32
2020-06-15,217.26
2020-06-16,220.15
2020-06-17,221.16
2020-06-18,220.88
2020-06-19,221.29
2020-06-20,221.29
2020-06-21,221.29
2020-06-22,221.22
2020-06-23,221.99
2020-06-24,219.78
2020-06-25,220.5
2020-06-26,219.85
2020-06-27,219.85
2020-06-28,219.85
2020-06-29,219.84
2020-06-30,221.11
2020-07-01,221.37
2020-07-02,222.91
2020-07-03,222.5
2020-07-04,222.5
2020-07-05,222.5
2020-07-06,224.49
2020-07-07,224.56
2020-07-08,224.41
2020-07-09,224.51
2020-07-10,225.44
2020-07-11,225.44
2020-07-12,225.44
2020-07-13,225.94
2020-07-14,224.02
2020-07-15,225.73
2020-07-16,225.12
2020-07-17,225.53
2020-07-18,225.53
2020-07-19,225.53
2020-07-20,226.7
2020-07-21,227.41
2020-07-22,226.41
2020-07-23,226.76
2020-07-24,224.91
2020-07-25,224.91
2020-07-26,224.91
2020-07-27,224.83
2020-07-28,224.76
2020-07-29,225.29
2020-07-30,224.42
2020-07-31,223.9
2020-08-01,223.9
2020-08-02,223.9
2020-08-03,226.0
2020-08-04,226.28
2020-08-05,226.17
2020-08-06,226.12
2020-08-07,226.6
2020-08-08,226.6
2020-08-09,226.6
2020-08-10,226.46
2020-08-11,226.88
2020-08-12,227.67
2020-08-13,227.69
2020-08-14,227.02
2020-08-15,227.02
2020-08-16,227.02
2020-08-17,227.53
2020-08-18,227.28
2020-08-19,227.77
2020-08-20,227.5
2020-08-21,228.4
2020-08-22,228.4
2020-08-23,228.4
2020-08-24,229.36
2020-08-25,229.54
2020-08-26,230.52
2020-08-27,230.71
2020-08-28,230.05
2020-08-29,230.05
2020-08-30,230.05
2020-08-31,229.78
2020-09-01,230.56
2020-09-02,232.31
2020-09-03,229.69
2020-09-04,227.74
2020-09-05,227.74
2020-09-06,227.74
2020-09-07,228.63
2020-09-08,226.95
2020-09-09,227.72
2020-09-10,227.11
2020-09-11,227.0
2020-09-12,227.0
2020-09-13,227.0
2020-09-14,228.02
2020-09-15,228.74
2020-09-16,229.27
2020-09-17,228.1
2020-09-18,227.56
2020-09-19,227.56
2020-09-20,227.56
2020-09-21,225.58
2020-09-22,226.7
2020-09-23,226.86
2020-09-24,226.19
2020-09-25,226.52
2020-09-26,226.52
2020-09-27,226.52
2020-09-28,228.59
2020-09-29,228.46
2020-09-30,229.0
2020-10-01,229.96
2020-10-02,229.81
2020-10-03,229.81
2020-10-04,229.81
2020-10-05,230.73
2020-10-06,230.71
2020-10-07,231.78
2020-10-08,232.79
2020-10-09,233.36
2020-10-10,233.36
2020-10-11,233.36
2020-10-12,234.94
2020-10-13,235.49
2020-10-14,234.85
2020-10-15,234.07
2020-10-16,234.71
2020-10-17,234.71
2020-10-18,234.71
2020-10-19,233.25
2020-10-20,232.9
2020-10-21,231.97
2020-10-22,232.1
2020-10-23,232.2
2020-10-24,232.2
2020-10-25,232.2
2020-10-26,230.94
2020-10-27,231.12
2020-10-28,228.56
2020-10-29,229.08
2020-10-30,227.88
2020-10-31,227.88
2020-11-01,227.88
2020-11-02,229.49
2020-11-03,230.69
2020-11-04,233.04
2020-11-05,234.57
2020-11-06,234.18
2020-11-07,234.18
2020-11-08,234.18
2020-11-09,236.22
2020-11-10,235.74
2020-11-11,237.08
2020-11-12,235.9
2020-11-13,236.43
2020-11-14,236.43
2020-11-15,236.43
2020-11-16,238.11
2020-11-17,238.09
2020-11-18,238.1
2020-11-19,238.49
2020-11-20,238.76
2020-11-21,238.76
2020-11-22,238.76
2020-11-23,239.21
2020-11-24,240.23
2020-11-25,240.03
2020-11-26,240.22
2020-11-27,240.51
2020-11-28,240.51
2020-11-29,240.51
2020-11-30,238.79
2020-12-01,240.01
2020-12-02,239.14
2020-12-03,239.62
2020-12-04,240.33
2020-12-05,240.33
2020-12-06,240.33
2020-12-07,240.2
2020-12-08,240.84
2020-12-09,241.23
2020-12-10,240.67
2020-12-11,240.49
2020-12-12,240.49
2020-12-13,240.49
2020-12-14,240.56
2020-12-15,241.48
2020-12-16,242.05
2020-12-17,242.61
2020-12-18,242.29
2020-12-19,242.29
2020-12-20,242.29
2020-12-21,241.33
2020-12-22,242.08
2020-12-23,242.85
2020-12-24,242.34
2020-12-25,242.34
2020-12-26,242.34
2020-12-27,242.34
2020-12-28,242.84
2020-12-29,243.12
2020-12-30,243.56
2020-12-31,243.54
2021-01-01,243.54
2021-01-02,243.54
2021-01-03,243.54
2021-01-04,242.83
2021-01-05,243.77
2021-01-06,245.16
2021-01-07,246.05
2021-01-08,246.95
2021-01-09,246.95
2021-01-10,246.95
2021-01-11,246.97
2021-01-12,247.13
2021-01-13,247.16
2021-01-14,248.65
2021-01-15,247.78
2021-01-16,247.78
2021-01-17,247.78
2021-01-18,247.89
2021-01-19,248.11
2021-01-20,250.29
2021-01-21,250.0
2021-01-22,249.54
2021-01-23,249.54
2021-01-24,249.54
2021-01-25,249.55
2021-01-26,249.36
2021-01-27,247.69
2021-01-28,247.65
2021-01-29,245.34
2021-01-30,245.34
2021-01-31,245.34
2021-02-01,248.16
2021-02-02,250.74
2021-02-03,251.31
2021-02-04,252.29
2021-02-05,253.35
2021-02-06,253.35
2021-02-07,253.35
2021-02-08,254.43
2021-02-09,254.85
2021-02-10,254.49
2021-02-11,255.42
2021-02-12,255.96
2021-02-13,255.96
2021-02-14,255.96
2021-02-15,256.57
2021-02-16,256.07
2021-02-17,255.46
2021-02-18,253.73
2021-02-19,254.36
2021-02-20,254.36
2021-02-21,254.36
2021-02-22,252.39
2021-02-23,250.9
2021-02-24,251.9
2021-02-25,248.86
2021-02-26,248.65
2021-02-27,248.65
2021-02-28,248.65
2021-03-01,252.2
2021-03-02,251.37
2021-03-03,250.58
2021-03-04,248.35
2021-03-05,248.48
2021-03-06,248.48
2021-03-07,248.48
2021-03-08,249.93
2021-03-09,251.44
2021-03-10,252.48
2021-03-11,254.51
2021-03-12,254.57
2021-03-13,254.57
2021-03-14,254.57
2021-03-15,255.19
2021-03-16,255.64
2021-03-17,255.67
2021-03-18,254.69
2021-03-19,254.66
2021-03-20,254.66
2021-03-21,254.66
2021-03-22,254.64
2021-03-23,253.43
2021-03-24,252.31
2021-03-25,253.22
2021-03-26,254.21
2021-03-27,254.21
2021-03-28,254.21
2021-03-29,253.82
2021-03-30,255.37
2021-03-31,255.9
2021-04-01,257.38
2021-04-02,257.57
2021-04-03,257.57
2021-04-04,257.57
2021-04-05,258.26
2021-04-06,258.75
2021-04-07,257.72
2021-04-08,258.5
2021-04-09,258.62
2021-04-10,258.62
2021-04-11,258.62
2021-04-12,258.91
2021-04-13,258.98
2021-04-14,259.24
2021-04-15,260.13
2021-04-16,260.61
2021-04-17,260.61
2021-04-18,260.61
2021-04-19,260.61
