"","8Fundos DEF","8Fundos EW","8Fundos AGR"
"2013-05-13",99.99,100.02,100.05
"2013-05-14",100.15,100.35,100.59
"2013-05-15",100.51,100.97,101.42
"2013-05-16",100.57,100.91,101.15
"2013-05-17",100.69,101.2,101.63
"2013-05-20",100.66,101.22,101.68
"2013-05-21",100.64,101.22,101.62
"2013-05-22",100.45,100.99,101.28
"2013-05-23",99.86,100.14,100.32
"2013-05-24",99.76,99.96,100.15
"2013-05-27",99.75,99.95,100.17
"2013-05-28",99.8,100.34,100.81
"2013-05-29",99.39,99.84,99.99
"2013-05-30",99.11,99.43,99.64
"2013-05-31",98.79,99.04,99.08
"2013-06-03",98.52,98.64,98.65
"2013-06-04",98.4,98.5,98.54
"2013-06-05",97.96,97.78,97.56
"2013-06-06",97.53,97.2,96.97
"2013-06-07",97.61,97.47,97.51
"2013-06-10",97.55,97.58,97.67
"2013-06-11",97.05,96.93,96.86
"2013-06-12",96.78,96.54,96.31
"2013-06-13",96.9,96.64,96.61
"2013-06-14",97.16,96.82,96.58
"2013-06-17",97.31,97.17,97.06
"2013-06-18",97.23,97.17,97.09
"2013-06-19",97.05,97.13,97.02
"2013-06-20",95.88,95.9,95.59
"2013-06-21",95.4,95.42,95.31
"2013-06-24",94.7,94.63,94.45
"2013-06-25",94.92,94.92,95
"2013-06-26",95.49,95.63,95.74
"2013-06-27",96.01,96.29,96.53
"2013-06-28",96.15,96.46,96.58
"2013-06-30",96.15,96.46,96.58
"2013-07-01",96.35,96.85,97.23
"2013-07-02",96.61,97.15,97.44
"2013-07-03",96.43,96.93,97.18
"2013-07-04",96.65,97.29,97.56
"2013-07-05",96.74,97.79,98.3
"2013-07-08",97.03,98.1,98.64
"2013-07-09",97.49,98.7,99.38
"2013-07-10",97.43,98.68,99.26
"2013-07-11",97.75,98.98,99.67
"2013-07-12",97.87,99.15,99.78
"2013-07-15",98.01,99.3,100
"2013-07-16",97.9,98.97,99.4
"2013-07-17",98.08,99.12,99.68
"2013-07-18",98.29,99.47,100.11
"2013-07-19",98.36,99.5,100.03
"2013-07-22",98.38,99.49,100
"2013-07-23",98.29,99.38,99.76
"2013-07-24",98.06,99.22,99.6
"2013-07-25",97.92,99.09,99.55
"2013-07-26",97.92,99,99.33
"2013-07-29",97.82,98.88,99.22
"2013-07-30",97.88,99,99.45
"2013-07-31",97.95,99.13,99.66
"2013-08-01",98.13,99.64,100.41
"2013-08-02",98.49,100.01,100.62
"2013-08-05",98.53,100.11,100.84
"2013-08-06",98.38,99.89,100.48
"2013-08-07",98.11,99.38,99.9
"2013-08-08",98.13,99.34,99.9
"2013-08-09",98.32,99.63,100.16
"2013-08-12",98.35,99.71,100.25
"2013-08-13",98.18,99.74,100.36
"2013-08-14",98.15,99.74,100.31
"2013-08-15",97.87,99.5,100.05
"2013-08-16",97.29,98.64,98.99
"2013-08-19",97.01,98.39,98.68
"2013-08-20",96.95,98.11,98.47
"2013-08-21",96.81,98,98.23
"2013-08-22",96.91,98.31,98.7
"2013-08-23",97.12,98.49,98.81
"2013-08-26",97.17,98.5,98.79
"2013-08-27",96.89,97.87,97.69
"2013-08-28",96.65,97.59,97.61
"2013-08-29",96.98,98.08,98.24
"2013-08-30",96.86,97.86,97.83
"2013-09-02",96.95,98.01,98.08
"2013-09-03",96.98,98.3,98.56
"2013-09-04",96.99,98.45,98.86
"2013-09-05",96.9,98.56,99.08
"2013-09-06",97.13,98.77,99.25
"2013-09-09",97.32,98.97,99.45
"2013-09-10",97.52,99.43,100.12
"2013-09-11",97.64,99.56,100.23
"2013-09-12",97.75,99.63,100.22
"2013-09-13",97.88,99.8,100.47
"2013-09-16",98.16,100.13,100.87
"2013-09-17",98.19,100.15,100.95
"2013-09-18",98.52,100.48,101.23
"2013-09-19",98.68,100.55,101.18
"2013-09-20",98.59,100.35,100.88
"2013-09-23",98.56,100.28,100.77
"2013-09-24",98.73,100.44,100.93
"2013-09-25",98.74,100.41,100.79
"2013-09-26",98.76,100.53,100.96
"2013-09-27",98.76,100.5,100.84
"2013-09-30",98.59,100.23,100.52
"2013-10-01",98.73,100.51,100.96
"2013-10-02",98.65,100.26,100.39
"2013-10-03",98.47,99.92,99.92
"2013-10-04",98.49,100.03,100.21
"2013-10-07",98.44,99.9,99.95
"2013-10-08",98.13,99.42,99.29
"2013-10-09",98.11,99.4,99.29
"2013-10-10",98.46,100,100.22
"2013-10-11",98.8,100.5,100.73
"2013-10-14",98.86,100.63,100.82
"2013-10-15",98.96,100.84,101.03
"2013-10-16",98.95,100.73,101.04
"2013-10-17",99.28,101.11,101.35
"2013-10-18",99.55,101.51,101.88
"2013-10-21",99.71,101.78,102.15
"2013-10-22",99.93,101.96,102.34
"2013-10-23",99.88,101.81,102.06
"2013-10-24",99.86,101.83,102.21
"2013-10-25",99.92,101.88,102.28
"2013-10-28",99.99,102.02,102.46
"2013-10-29",100.12,102.21,102.69
"2013-10-30",100.2,102.3,102.7
"2013-10-31",100.38,102.62,103.15
"2013-11-01",100.3,102.56,103.1
"2013-11-04",100.54,102.94,103.61
"2013-11-05",100.45,102.95,103.58
"2013-11-06",100.48,102.95,103.6
"2013-11-07",100.6,103.03,103.7
"2013-11-08",100.52,103.1,104.03
"2013-11-11",100.57,103.21,104.07
"2013-11-12",100.48,103.08,103.8
"2013-11-13",100.52,103.07,103.92
"2013-11-14",100.82,103.44,104.36
"2013-11-15",100.95,103.61,104.53
"2013-11-18",100.98,103.58,104.51
"2013-11-19",100.83,103.38,104.22
"2013-11-20",100.69,103.2,104.16
"2013-11-21",100.76,103.32,104.35
"2013-11-22",100.87,103.43,104.38
"2013-11-25",101.06,103.71,104.67
"2013-11-26",101.05,103.65,104.54
"2013-11-27",101.06,103.66,104.59
"2013-11-28",101.1,103.72,104.6
"2013-11-29",101.13,103.81,104.76
"2013-12-02",101.06,103.78,104.72
"2013-12-03",100.7,103.18,103.92
"2013-12-04",100.49,102.93,103.72
"2013-12-05",100.24,102.59,103.28
"2013-12-06",100.3,102.66,103.51
"2013-12-09",100.41,102.76,103.55
"2013-12-10",100.38,102.6,103.22
"2013-12-11",100.08,102.15,102.66
"2013-12-12",99.76,101.69,102.18
"2013-12-13",99.88,101.86,102.38
"2013-12-16",100.01,102.04,102.68
"2013-12-17",100.1,102.1,102.57
"2013-12-18",100.32,102.52,103.28
"2013-12-19",100.68,103.19,104.05
"2013-12-20",100.78,103.37,104.35
"2013-12-23",100.94,103.72,104.79
"2013-12-24",100.9,103.75,104.87
"2013-12-25",100.9,103.75,104.87
"2013-12-26",100.92,103.78,104.91
"2013-12-27",101.05,104,105.15
"2013-12-30",101.23,104.19,105.28
"2013-12-31",101.32,104.39,105.58
"2014-01-01",101.32,104.39,105.58
"2014-01-02",101.4,104.41,105.46
"2014-01-03",101.58,104.72,105.96
"2014-01-06",101.57,104.62,105.62
"2014-01-07",101.67,104.73,105.82
"2014-01-08",101.71,104.89,105.95
"2014-01-09",101.66,104.79,105.77
"2014-01-10",101.91,104.98,105.98
"2014-01-13",101.9,104.87,105.71
"2014-01-14",101.87,104.89,105.86
"2014-01-15",102.13,105.33,106.43
"2014-01-16",102.22,105.41,106.42
"2014-01-17",102.32,105.53,106.58
"2014-01-20",102.35,105.57,106.63
"2014-01-21",102.44,105.75,106.88
"2014-01-22",102.38,105.74,106.95
"2014-01-23",102.08,105.15,106.05
"2014-01-24",101.39,103.96,104.48
"2014-01-27",100.96,103.29,103.75
"2014-01-28",101.14,103.54,104.16
"2014-01-29",101.12,103.48,103.85
"2014-01-30",101.21,103.66,104.34
"2014-01-31",101.3,103.77,104.36
"2014-02-03",100.91,102.99,103.06
"2014-02-04",100.68,102.62,102.91
"2014-02-05",100.75,102.74,102.94
"2014-02-06",100.99,103.18,103.63
"2014-02-07",101.33,103.65,104.22
"2014-02-10",101.39,103.77,104.32
"2014-02-11",101.64,104.21,105.01
"2014-02-12",101.86,104.67,105.53
"2014-02-13",101.89,104.59,105.43
"2014-02-14",102.06,104.83,105.74
"2014-02-17",102.12,104.93,105.82
"2014-02-18",102.18,104.94,105.79
"2014-02-19",102.15,104.89,105.68
"2014-02-20",102.19,104.99,105.87
"2014-02-21",102.4,105.24,106.11
"2014-02-24",102.58,105.53,106.57
"2014-02-25",102.72,105.66,106.61
"2014-02-26",102.88,105.88,106.96
"2014-02-27",102.96,105.93,106.89
"2014-02-28",102.9,105.84,106.84
"2014-03-03",102.54,105.22,105.98
"2014-03-04",103.05,106.13,107.2
"2014-03-05",103.18,106.3,107.33
"2014-03-06",103.11,106.24,107.17
"2014-03-07",102.93,106.04,106.92
"2014-03-10",102.84,105.9,106.71
"2014-03-11",102.78,105.78,106.5
"2014-03-12",102.51,105.33,105.92
"2014-03-13",102.34,104.95,105.32
"2014-03-14",102.13,104.63,105.03
"2014-03-17",102.29,104.91,105.41
"2014-03-18",102.59,105.37,106.02
"2014-03-19",102.52,105.35,105.89
"2014-03-20",102.52,105.42,106.09
"2014-03-21",102.54,105.41,105.98
"2014-03-24",102.44,105.21,105.63
"2014-03-25",102.55,105.34,105.92
"2014-03-26",102.72,105.5,106
"2014-03-27",102.81,105.55,106.12
"2014-03-28",102.93,105.81,106.47
"2014-03-31",103.06,106.01,106.8
"2014-04-01",103.29,106.39,107.18
"2014-04-02",103.45,106.71,107.61
"2014-04-03",103.55,106.83,107.75
"2014-04-04",103.6,106.71,107.45
"2014-04-07",103.25,106.06,106.51
"2014-04-08",103.07,105.73,106.34
"2014-04-09",103.31,106.14,106.86
"2014-04-10",103.11,105.7,106.03
"2014-04-11",102.61,104.86,105.1
"2014-04-14",102.59,104.86,105.37
"2014-04-15",102.64,104.95,105.36
"2014-04-16",102.96,105.45,106.11
"2014-04-17",103.07,105.69,106.35
"2014-04-18",103.08,105.7,106.39
"2014-04-21",103.08,105.7,106.38
"2014-04-22",103.4,106.21,107.03
"2014-04-23",103.39,106.13,106.84
"2014-04-24",103.48,106.31,106.99
"2014-04-25",103.18,105.83,106.27
"2014-04-28",103.05,105.6,106.1
"2014-04-29",103.21,105.85,106.54
"2014-04-30",103.35,105.98,106.59
"2014-05-01",103.43,106.06,106.67
"2014-05-02",103.67,106.37,106.97
"2014-05-05",103.61,106.29,106.91
"2014-05-06",103.47,105.95,106.38
"2014-05-07",103.55,106.04,106.54
"2014-05-08",103.83,106.38,107.01
"2014-05-09",103.94,106.61,107.27
"2014-05-12",104.16,107.04,107.93
"2014-05-13",104.42,107.35,108.15
"2014-05-14",104.46,107.32,108.06
"2014-05-15",104.18,106.88,107.45
"2014-05-16",104.1,106.73,107.51
"2014-05-19",104.11,106.83,107.75
"2014-05-20",104.05,106.75,107.52
"2014-05-21",104.19,106.96,107.92
"2014-05-22",104.39,107.31,108.36
"2014-05-23",104.66,107.67,108.72
"2014-05-26",104.75,107.82,108.85
"2014-05-27",105.05,108.2,109.27
"2014-05-28",105.25,108.41,109.4
"2014-05-29",105.3,108.47,109.47
"2014-05-30",105.34,108.56,109.59
"2014-06-02",105.37,108.69,109.78
"2014-06-03",105.19,108.5,109.61
"2014-06-04",105.2,108.53,109.75
"2014-06-05",105.46,108.85,110.2
"2014-06-06",105.87,109.22,110.5
"2014-06-09",105.96,109.33,110.62
"2014-06-10",106.22,109.87,111.28
"2014-06-11",106.08,109.64,110.98
"2014-06-12",106.03,109.51,110.78
"2014-06-13",105.94,109.34,110.65
"2014-06-16",105.83,109.18,110.45
"2014-06-17",105.82,109.27,110.67
"2014-06-18",105.9,109.35,110.68
"2014-06-19",106.08,109.6,110.99
"2014-06-20",106.14,109.69,111.11
"2014-06-23",106.15,109.64,111
"2014-06-24",106.08,109.43,110.7
"2014-06-25",105.95,109.18,110.42
"2014-06-26",106.05,109.29,110.51
"2014-06-27",106.01,109.26,110.54
"2014-06-30",106.02,109.29,110.61
"2014-07-01",106.17,109.54,111.04
"2014-07-02",106.21,109.71,111.19
"2014-07-03",106.5,110.13,111.84
"2014-07-04",106.57,110.26,111.93
"2014-07-07",106.45,109.95,111.42
"2014-07-08",106.17,109.44,110.78
"2014-07-09",106.02,109.24,110.74
"2014-07-10",105.8,108.91,110.31
"2014-07-11",105.84,108.94,110.33
"2014-07-14",105.96,109.16,110.73
"2014-07-15",105.97,109.13,110.61
"2014-07-16",106.28,109.6,111.24
"2014-07-17",106.13,109.32,110.75
"2014-07-18",106.14,109.36,110.99
"2014-07-21",106.13,109.32,110.82
"2014-07-22",106.45,109.79,111.51
"2014-07-23",106.6,109.99,111.61
"2014-07-24",106.58,110.02,111.66
"2014-07-25",106.51,109.84,111.3
"2014-07-28",106.4,109.7,111.15
"2014-07-29",106.51,109.84,111.38
"2014-07-30",106.34,109.71,111.24
"2014-07-31",105.79,108.87,110.06
"2014-08-01",105.38,108.2,109.4
"2014-08-04",105.46,108.29,109.56
"2014-08-05",105.44,108.32,109.62
"2014-08-06",105.21,108,109.29
"2014-08-07",105.1,107.75,108.89
"2014-08-08",105,107.57,108.76
"2014-08-11",105.48,108.27,109.65
"2014-08-12",105.59,108.41,109.66
"2014-08-13",105.74,108.6,109.95
"2014-08-14",105.98,108.85,110.21
"2014-08-15",106.11,108.9,110.17
"2014-08-18",106.42,109.44,110.98
"2014-08-19",106.76,109.94,111.55
"2014-08-20",106.85,110.13,111.76
"2014-08-21",106.93,110.25,111.92
"2014-08-22",106.99,110.3,111.95
"2014-08-25",107.31,110.7,112.39
"2014-08-26",107.56,111.04,112.83
"2014-08-27",107.79,111.31,113.03
"2014-08-28",107.71,111.14,112.82
"2014-08-29",107.78,111.26,113.05
"2014-09-01",107.83,111.36,113.13
"2014-09-02",107.8,111.43,113.29
"2014-09-03",107.86,111.51,113.4
"2014-09-04",108.12,111.96,114.16
"2014-09-05",108.32,112.19,114.28
"2014-09-08",108.29,112.2,114.29
"2014-09-09",108.04,111.91,113.88
"2014-09-10",107.79,111.61,113.63
"2014-09-11",107.87,111.72,113.76
"2014-09-12",107.56,111.48,113.46
"2014-09-15",107.4,111.22,113.25
"2014-09-16",107.39,111.18,113.3
"2014-09-17",107.5,111.27,113.35
"2014-09-18",107.68,111.65,113.88
"2014-09-19",107.94,111.87,113.98
"2014-09-22",107.68,111.44,113.36
"2014-09-23",107.31,110.8,112.59
"2014-09-24",107.5,111.16,113.32
"2014-09-25",107.39,110.92,112.7
"2014-09-26",107.34,110.89,112.95
"2014-09-29",107.09,110.68,112.68
"2014-09-30",107.27,110.89,112.98
"2014-10-01",107.13,110.43,112.22
"2014-10-02",106.65,109.75,111.43
"2014-10-03",107.12,110.41,112.5
"2014-10-06",107.33,110.56,112.37
"2014-10-07",106.93,109.81,111.3
"2014-10-08",106.79,109.53,111.18
"2014-10-09",106.57,109.14,110.51
"2014-10-10",106.03,108.21,109.51
"2014-10-13",105.83,107.77,108.8
"2014-10-14",105.85,107.79,108.99
"2014-10-15",105.5,107.17,107.9
"2014-10-16",105.03,106.66,107.66
"2014-10-17",105.64,107.61,108.81
"2014-10-20",105.83,107.94,109.14
"2014-10-21",106.48,108.99,110.63
"2014-10-22",106.66,109.35,110.91
"2014-10-23",106.81,109.63,111.45
"2014-10-24",106.97,109.84,111.58
"2014-10-27",106.87,109.71,111.47
"2014-10-28",107.11,110.08,112.06
"2014-10-29",107.29,110.44,112.47
"2014-10-30",107.56,110.83,113.1
"2014-10-31",108.25,111.9,114.4
"2014-11-03",108.24,111.88,114.3
"2014-11-04",108.04,111.62,113.89
"2014-11-05",108.22,111.93,114.43
"2014-11-06",108.43,112.3,114.93
"2014-11-07",108.48,112.3,114.76
"2014-11-10",108.63,112.58,115.23
"2014-11-11",108.65,112.62,115.25
"2014-11-12",108.54,112.48,115.08
"2014-11-13",108.58,112.52,115.14
"2014-11-14",108.49,112.35,115
"2014-11-17",108.39,112.22,114.89
"2014-11-18",108.51,112.41,115.15
"2014-11-19",108.46,112.36,115
"2014-11-20",108.55,112.45,115.26
"2014-11-21",109.28,113.45,116.46
"2014-11-24",109.49,113.67,116.62
"2014-11-25",109.68,113.86,116.73
"2014-11-26",109.75,113.94,116.8
"2014-11-27",109.82,114.05,116.98
"2014-11-28",110.05,114.28,117.28
"2014-12-01",109.7,113.75,116.59
"2014-12-02",109.75,114.02,117.2
"2014-12-03",110.02,114.46,117.75
"2014-12-04",109.85,114.21,117.22
"2014-12-05",110.19,114.76,118.17
"2014-12-08",110.05,114.49,117.62
"2014-12-09",109.52,113.7,116.71
"2014-12-10",109.18,113.19,115.93
"2014-12-11",109.03,113.02,116.04
"2014-12-12",108.49,112.13,114.67
"2014-12-15",108.01,111.45,113.74
"2014-12-16",107.79,111.19,113.7
"2014-12-17",108.14,111.72,114.61
"2014-12-18",109.31,113.6,116.87
"2014-12-19",109.65,114.04,117.34
"2014-12-22",110.09,114.63,118.02
"2014-12-23",110.22,114.98,118.57
"2014-12-24",110.22,114.97,118.57
"2014-12-25",110.22,114.97,118.57
"2014-12-26",110.24,115,118.62
"2014-12-29",110.48,115.3,118.91
"2014-12-30",110.48,115.24,118.78
"2014-12-31",110.64,115.42,119.01
"2015-01-01",110.64,115.42,119.01
"2015-01-02",110.8,115.52,119.03
"2015-01-05",110.67,115.26,118.5
"2015-01-06",110.39,114.75,117.93
"2015-01-07",110.84,115.43,119.05
"2015-01-08",111.42,116.38,120.44
"2015-01-09",111.36,116.26,120.09
"2015-01-12",111.38,116.17,119.98
"2015-01-13",111.71,116.66,120.79
"2015-01-14",111.64,116.33,120.13
"2015-01-15",112.06,116.92,121.05
"2015-01-16",112.41,117.46,121.9
"2015-01-19",112.45,117.54,121.86
"2015-01-20",112.57,117.7,121.95
"2015-01-21",112.58,117.78,122.15
"2015-01-22",113.46,119.15,124.28
"2015-01-23",114.52,120.57,125.67
"2015-01-26",114.61,120.68,125.78
"2015-01-27",114.39,120.33,125.14
"2015-01-28",114.32,120.08,124.86
"2015-01-29",114.27,120.02,124.93
"2015-01-30",114.29,119.95,124.66
"2015-02-02",114.2,119.83,124.7
"2015-02-03",114.3,120.13,124.97
"2015-02-04",114.54,120.61,125.67
"2015-02-05",114.65,120.84,126.06
"2015-02-06",114.67,121.05,126.28
"2015-02-09",114.36,120.7,125.74
"2015-02-10",114.46,121,126.29
"2015-02-11",114.41,120.92,126.21
"2015-02-12",114.55,121.09,126.42
"2015-02-13",114.72,121.38,126.76
"2015-02-16",114.79,121.5,126.84
"2015-02-17",114.59,121.45,126.89
"2015-02-18",114.93,121.87,127.35
"2015-02-19",115.08,122.16,127.74
"2015-02-20",115.28,122.48,128.13
"2015-02-23",115.57,122.73,128.38
"2015-02-24",115.86,123.01,128.72
"2015-02-25",115.92,123.09,128.68
"2015-02-26",116.39,123.84,129.78
"2015-02-27",116.6,124.14,130.02
"2015-03-02",116.54,124.17,130.14
"2015-03-03",116.31,123.97,129.84
"2015-03-04",116.38,124.16,130.33
"2015-03-05",116.82,124.79,131.14
"2015-03-06",116.85,125.07,131.41
"2015-03-09",116.95,125.26,131.76
"2015-03-10",117.01,125.18,131.47
"2015-03-11",117.63,126.05,132.72
"2015-03-12",117.9,126.48,133.3
"2015-03-13",118.15,126.99,133.95
"2015-03-16",118.33,127.33,134.47
"2015-03-17",118.16,127.01,134.01
"2015-03-18",118.42,127.25,134.35
"2015-03-19",118.59,127.37,134.36
"2015-03-20",118.68,127.41,134.29
"2015-03-23",118.26,126.76,133.25
"2015-03-24",118.33,126.78,133.23
"2015-03-25",117.74,125.83,131.8
"2015-03-26",117.41,125.51,131.81
"2015-03-27",117.71,125.92,132.19
"2015-03-30",118.23,126.82,133.53
"2015-03-31",118.37,126.94,133.55
"2015-04-01",118.4,126.77,133.16
"2015-04-02",118.28,126.63,132.98
"2015-04-03",118.17,126.44,132.67
"2015-04-06",118.23,126.6,132.96
"2015-04-07",118.67,127.19,133.66
"2015-04-08",119.06,127.79,134.51
"2015-04-09",119.51,128.7,135.73
"2015-04-10",119.95,129.43,136.75
"2015-04-13",120.01,129.54,136.76
"2015-04-14",119.84,129.16,136.17
"2015-04-15",120.09,129.52,136.68
"2015-04-16",119.6,128.75,135.55
"2015-04-17",119,127.7,134.2
"2015-04-20",119.11,128.03,134.88
"2015-04-21",119.19,128.28,135.1
"2015-04-22",119.07,128.19,135.13
"2015-04-23",118.9,127.85,134.61
"2015-04-24",118.99,127.95,134.69
"2015-04-27",118.97,127.89,134.58
"2015-04-28",118.43,127.11,133.53
"2015-04-29",117.5,125.85,131.6
"2015-04-30",116.86,124.84,130.46
"2015-05-01",116.75,124.77,130.39
"2015-05-04",116.95,125.27,131.34
"2015-05-05",116.37,124.58,130.29
"2015-05-06",115.5,123.4,128.82
"2015-05-07",115.69,123.58,129.32
"2015-05-08",116.65,124.97,131.18
"2015-05-11",116.58,125.14,131.27
"2015-05-12",115.92,124.22,130.08
"2015-05-13",115.72,124,129.6
"2015-05-14",115.84,124.14,129.83
"2015-05-15",116.32,124.57,130.42
"2015-05-18",116.4,124.94,131.21
"2015-05-19",117.1,126.1,132.65
"2015-05-20",117.2,126.3,132.86
"2015-05-21",117.27,126.29,132.85
"2015-05-22",117.51,126.68,133.43
"2015-05-25",117.54,126.72,133.51
"2015-05-26",117.71,126.84,133.4
"2015-05-27",117.96,127.23,134.14
"2015-05-28",117.87,127.08,133.85
"2015-05-29",117.61,126.52,132.91
"2015-06-01",117.42,126.43,132.96
"2015-06-02",116.58,125.36,131.51
"2015-06-03",116.05,124.84,130.9
"2015-06-04",115.66,124.11,130.02
"2015-06-05",115.7,124.34,130.54
"2015-06-08",115.32,123.74,129.45
"2015-06-09",114.79,123,128.71
"2015-06-10",115.07,123.68,129.87
"2015-06-11",115.66,124.36,130.59
"2015-06-12",115.55,124.18,130.18
"2015-06-15",115.03,123.4,129.2
"2015-06-16",115.13,123.48,129.55
"2015-06-17",115.12,123.5,129.41
"2015-06-18",115.09,123.55,129.83
"2015-06-19",115.5,124.05,130.12
"2015-06-22",115.77,124.61,131.04
"2015-06-23",115.94,124.85,131.41
"2015-06-24",116.21,125.29,131.67
"2015-06-25",116.12,125.21,131.54
"2015-06-26",116.12,125.3,131.86
"2015-06-29",115.31,123.9,129.83
"2015-06-30",115.15,123.57,129.51
"2015-07-01",115.66,124.56,130.88
"2015-07-02",115.55,124.35,130.47
"2015-07-03",115.48,124.23,130.45
"2015-07-06",115.53,124.14,130.32
"2015-07-07",115.69,124.19,130.31
"2015-07-08",115.15,123.29,129.09
"2015-07-09",115.16,123.48,129.44
"2015-07-10",115.35,123.96,130.24
"2015-07-13",116.23,125.38,132.11
"2015-07-14",116.52,125.79,132.59
"2015-07-15",116.84,126.18,133.02
"2015-07-16",117.38,126.97,134
"2015-07-17",117.64,127.29,134.31
"2015-07-20",117.76,127.52,134.61
"2015-07-21",117.41,126.96,133.72
"2015-07-22",117.38,126.8,133.61
"2015-07-23",117.08,126.27,132.81
"2015-07-24",116.82,125.76,131.97
"2015-07-27",116.03,124.44,130.27
"2015-07-28",116.3,124.91,131.15
"2015-07-29",116.62,125.5,132.1
"2015-07-30",116.97,125.98,132.59
"2015-07-31",116.96,125.86,132.27
"2015-08-03",117.29,126.36,132.83
"2015-08-04",117.35,126.52,133.13
"2015-08-05",117.45,126.9,133.64
"2015-08-06",117.01,126.19,132.53
"2015-08-07",116.94,125.9,132.21
"2015-08-10",116.97,126.07,132.65
"2015-08-11",116.5,125.06,130.93
"2015-08-12",115.65,123.67,129.18
"2015-08-13",115.78,124.02,129.83
"2015-08-14",115.79,124.04,130
"2015-08-17",116.13,124.5,130.48
"2015-08-18",116.09,124.58,130.59
"2015-08-19",115.64,123.78,129.39
"2015-08-20",114.71,122.08,127.06
"2015-08-21",113.38,119.88,123.99
"2015-08-24",111.34,116.52,119.75
"2015-08-25",111.59,117.29,120.86
"2015-08-26",111.85,117.83,121.88
"2015-08-27",113.02,119.65,124.25
"2015-08-28",113.31,120.1,124.79
"2015-08-31",113.12,119.88,124.35
"2015-09-01",112.15,118.29,122.21
"2015-09-02",112.25,118.51,122.79
"2015-09-03",113.03,119.72,124.41
"2015-09-04",112.68,118.98,123.11
"2015-09-07",112.65,118.92,123.08
"2015-09-08",113.01,119.64,123.99
"2015-09-09",113.31,120.1,124.45
"2015-09-10",112.82,119.36,123.59
"2015-09-11",112.71,119.09,123.21
"2015-09-14",112.57,118.87,122.94
"2015-09-15",112.53,119.08,123.55
"2015-09-16",112.86,119.77,124.44
"2015-09-17",112.95,119.79,124.41
"2015-09-18",112.75,119.18,123.47
"2015-09-21",112.91,119.61,124.27
"2015-09-22",112.69,119.09,123.38
"2015-09-23",112.48,118.79,122.98
"2015-09-24",112.12,118.17,122.21
"2015-09-25",112.28,118.67,123.02
"2015-09-28",111.5,117.4,121.19
"2015-09-29",111.07,116.68,120.62
"2015-09-30",111.75,117.81,122.3
"2015-10-01",111.96,118.05,122.37
"2015-10-02",112.23,118.3,122.65
"2015-10-05",113.05,119.73,124.8
"2015-10-06",113.19,119.87,124.68
"2015-10-07",113.26,120.02,124.91
"2015-10-08",113.35,120.21,125.18
"2015-10-09",113.34,120.22,125.12
"2015-10-12",113.47,120.27,125.13
"2015-10-13",113.11,119.78,124.56
"2015-10-14",112.93,119.35,123.93
"2015-10-15",113.35,120.12,125.12
"2015-10-16",113.62,120.49,125.43
"2015-10-19",113.78,120.77,125.81
"2015-10-20",113.61,120.58,125.6
"2015-10-21",113.73,120.64,125.51
"2015-10-22",114.5,121.78,127.43
"2015-10-23",115.34,123.25,129.21
"2015-10-26",115.5,123.46,129.2
"2015-10-27",115.42,123.19,128.8
"2015-10-28",115.64,123.67,129.8
"2015-10-29",115.74,124.08,130.25
"2015-10-30",115.5,123.66,129.74
"2015-11-02",115.66,124,130.27
"2015-11-03",116.01,124.63,131.1
"2015-11-04",116.09,124.81,131.25
"2015-11-05",116.08,124.87,131.38
"2015-11-06",116.16,125.14,131.85
"2015-11-09",115.86,124.74,131.08
"2015-11-10",116.08,125.02,131.59
"2015-11-11",116.17,125.23,131.84
"2015-11-12",115.68,124.41,130.54
"2015-11-13",115.35,123.74,129.78
"2015-11-16",115.55,124.03,130.32
"2015-11-17",116.1,124.9,131.36
"2015-11-18",116.25,125.12,131.72
"2015-11-19",116.4,125.39,131.97
"2015-11-20",116.63,125.8,132.59
"2015-11-23",116.71,125.9,132.68
"2015-11-24",116.51,125.56,132.19
"2015-11-25",116.91,126.24,133.2
"2015-11-26",117,126.39,133.36
"2015-11-27",117.11,126.49,133.4
"2015-11-30",117.07,126.43,133.22
"2015-12-01",117.28,126.6,133.38
"2015-12-02",117.43,126.79,133.53
"2015-12-03",115.89,124.77,130.48
"2015-12-04",115.56,124.21,130.38
"2015-12-07",115.91,124.58,130.61
"2015-12-08",115.37,123.72,129.53
"2015-12-09",114.91,122.91,128.43
"2015-12-10",114.78,122.77,128.4
"2015-12-11",114.25,121.78,126.84
"2015-12-14",113.5,120.87,125.93
"2015-12-15",113.9,121.64,127.37
"2015-12-16",114.42,122.55,128.47
"2015-12-17",114.86,123.16,128.99
"2015-12-18",114.46,122.36,127.84
"2015-12-21",114.27,122.05,127.49
"2015-12-22",114.22,122.06,127.61
"2015-12-23",114.63,122.84,128.78
"2015-12-24",114.65,122.79,128.65
"2015-12-25",114.65,122.79,128.65
"2015-12-28",114.55,122.61,128.35
"2015-12-29",114.9,123.35,129.46
"2015-12-30",114.84,123.31,129.18
"2015-12-31",114.74,123.05,128.74
"2016-01-01",114.74,123.05,128.74
"2016-01-04",114.29,122.04,127.33
"2016-01-05",114.57,122.49,127.95
"2016-01-06",114.32,121.86,127.01
"2016-01-07",113.34,120.28,124.97
"2016-01-08",113.04,119.73,124.14
"2016-01-11",112.69,119.23,123.62
"2016-01-12",113.07,119.81,124.5
"2016-01-13",112.79,119.3,123.46
"2016-01-14",112.25,118.51,122.91
"2016-01-15",111.67,117.51,121.32
"2016-01-18",111.59,117.35,121.37
"2016-01-19",111.64,117.55,121.51
"2016-01-20",110.87,116.27,120.1
"2016-01-21",111.16,116.74,121
"2016-01-22",112.06,118.29,122.8
"2016-01-25",112,118.12,122.36
"2016-01-26",112.15,118.31,122.89
"2016-01-27",112.15,118.24,122.62
"2016-01-28",112,117.89,122.12
"2016-01-29",112.99,119.36,124.37
"2016-02-01",112.99,119.52,124.32
"2016-02-02",112.56,118.67,123.05
"2016-02-03",112.02,117.8,122.07
"2016-02-04",111.56,117.08,121.19
"2016-02-05",111.26,116.6,120.42
"2016-02-08",110.47,115.26,118.74
"2016-02-09",109.61,113.99,117.46
"2016-02-10",109.78,114.24,117.78
"2016-02-11",108.95,112.96,116.28
"2016-02-12",109.24,113.66,117.48
"2016-02-15",109.76,114.6,118.36
"2016-02-16",110.26,115.33,119.5
"2016-02-17",110.87,116.32,120.84
"2016-02-18",111.39,116.98,121.34
"2016-02-19",111.32,116.88,121.38
"2016-02-22",111.95,117.88,122.7
"2016-02-23",111.81,117.62,122.19
"2016-02-24",111.62,117.28,121.81
"2016-02-25",112.02,117.81,122.56
"2016-02-26",112.38,118.42,123.34
"2016-02-29",112.81,118.93,123.73
"2016-03-01",113.42,119.99,125.3
"2016-03-02",113.65,120.36,125.56
"2016-03-03",113.78,120.45,125.51
"2016-03-04",113.9,120.66,125.76
"2016-03-07",113.98,120.79,125.85
"2016-03-08",113.89,120.4,125.09
"2016-03-09",113.75,120.38,125.33
"2016-03-10",113.46,119.86,124.39
"2016-03-11",114.03,120.59,125.44
"2016-03-14",114.51,121.3,126.1
"2016-03-15",114.32,121.1,125.75
"2016-03-16",114.34,120.98,125.62
"2016-03-17",114.33,120.79,125.51
"2016-03-18",114.82,121.44,126.13
"2016-03-21",114.81,121.51,126.18
"2016-03-22",114.79,121.51,126.21
"2016-03-23",114.83,121.5,126.05
"2016-03-24",114.55,121.12,125.74
"2016-03-25",114.58,121.18,125.84
"2016-03-28",114.62,121.21,125.86
"2016-03-29",114.87,121.44,126.25
"2016-03-30",115.11,121.83,126.7
"2016-03-31",114.99,121.52,126.13
"2016-04-01",114.92,121.32,125.9
"2016-04-04",115.04,121.49,126.02
"2016-04-05",114.71,120.84,125.19
"2016-04-06",114.72,120.9,125.42
"2016-04-07",114.67,120.76,125.06
"2016-04-08",114.73,120.87,125.33
"2016-04-11",114.69,120.85,125.15
"2016-04-12",114.8,121.15,125.79
"2016-04-13",115.65,122.52,127.6
"2016-04-14",115.83,122.85,127.81
"2016-04-15",115.92,122.9,127.67
"2016-04-18",115.99,123.05,127.96
"2016-04-19",116.21,123.35,128.39
"2016-04-20",116.31,123.5,128.63
"2016-04-21",116.19,123.38,128.36
"2016-04-22",116.2,123.44,128.39
"2016-04-25",116.04,123.28,128.07
"2016-04-26",115.97,123.2,127.97
"2016-04-27",116.21,123.45,128.25
"2016-04-28",116.3,123.41,128.14
"2016-04-29",115.86,122.63,126.95
"2016-05-02",115.68,122.41,126.83
"2016-05-03",115.43,121.79,126.04
"2016-05-04",115.26,121.55,125.77
"2016-05-05",115.37,121.67,125.97
"2016-05-06",115.5,121.92,126.4
"2016-05-09",115.66,122.17,126.71
"2016-05-10",116.03,122.75,127.52
"2016-05-11",115.82,122.34,126.82
"2016-05-12",115.81,122.4,126.93
"2016-05-13",115.95,122.53,127.07
"2016-05-16",115.83,122.43,126.99
"2016-05-17",115.9,122.52,126.97
"2016-05-18",115.64,122.43,127.02
"2016-05-19",115.53,122.23,126.6
"2016-05-20",115.81,122.66,127.27
"2016-05-23",115.92,122.86,127.44
"2016-05-24",116.39,123.64,128.64
"2016-05-25",116.7,124.09,129.01
"2016-05-26",116.88,124.24,129.07
"2016-05-27",117.15,124.72,129.72
"2016-05-30",117.2,124.82,129.74
"2016-05-31",117.18,124.73,129.54
"2016-06-01",117.11,124.63,129.48
"2016-06-02",117.21,124.67,129.7
"2016-06-03",117.22,124.41,128.96
"2016-06-06",117.14,124.25,129.07
"2016-06-07",117.44,124.66,129.51
"2016-06-08",117.55,124.76,129.58
"2016-06-09",117.68,124.92,129.71
"2016-06-10",117.4,124.34,128.86
"2016-06-13",116.77,123.32,127.73
"2016-06-14",116.45,122.82,127.23
"2016-06-15",116.55,122.9,127.37
"2016-06-16",116.48,122.76,127.3
"2016-06-17",116.25,122.45,126.82
"2016-06-20",116.8,123.49,128.21
"2016-06-21",117.01,123.89,128.74
"2016-06-22",116.93,123.72,128.46
"2016-06-23",116.95,123.74,128.47
"2016-06-24",116.34,122.55,127.08
"2016-06-27",115.72,121.26,125.3
"2016-06-28",116.13,121.77,126.35
"2016-06-29",116.83,122.84,127.71
"2016-06-30",117.44,123.76,128.95
"2016-07-01",117.97,124.39,129.52
"2016-07-04",118.08,124.59,129.6
"2016-07-05",118.03,124.2,129.02
"2016-07-06",117.86,123.91,128.99
"2016-07-07",117.94,124.07,129.15
"2016-07-08",118.57,124.98,130.41
"2016-07-11",118.96,125.66,131.12
"2016-07-12",119.27,126.32,131.84
"2016-07-13",119.37,126.36,131.75
"2016-07-14",119.42,126.56,132.03
"2016-07-15",119.25,126.39,132.02
"2016-07-18",119.45,126.69,132.25
"2016-07-19",119.5,126.69,132.29
"2016-07-20",119.76,127.14,132.86
"2016-07-21",119.75,127.06,132.61
"2016-07-22",119.95,127.37,133.01
"2016-07-25",119.93,127.33,132.96
"2016-07-26",119.89,127.32,133.08
"2016-07-27",120.03,127.34,132.87
"2016-07-28",119.91,127.15,132.67
"2016-07-29",120.04,127.26,132.81
"2016-08-01",119.87,127.1,132.64
"2016-08-02",119.24,126.29,131.66
"2016-08-03",119.21,126.22,131.72
"2016-08-04",119.72,126.76,132.17
"2016-08-05",120.12,127.53,133.29
"2016-08-08",120.36,127.92,133.4
"2016-08-09",120.6,128.13,133.6
"2016-08-10",120.6,127.95,133.22
"2016-08-11",120.68,128.26,133.81
"2016-08-12",120.82,128.35,133.77
"2016-08-15",120.72,128.31,133.76
"2016-08-16",120.29,127.71,133.07
"2016-08-17",120.14,127.36,132.64
"2016-08-18",120.27,127.45,132.77
"2016-08-19",120.13,127.34,132.66
"2016-08-22",120.18,127.32,132.48
"2016-08-23",120.47,127.77,133.03
"2016-08-24",120.52,127.91,133.09
"2016-08-25",120.28,127.48,132.69
"2016-08-26",120.3,127.62,133.01
"2016-08-29",120.53,127.92,133.28
"2016-08-30",120.7,128.2,133.61
"2016-08-31",120.6,128.04,133.33
"2016-09-01",120.51,127.95,133.19
"2016-09-02",120.7,128.35,133.94
"2016-09-05",120.88,128.68,134.09
"2016-09-06",121.19,128.95,134.4
"2016-09-07",121.23,128.95,134.41
"2016-09-08",120.79,128.49,133.78
"2016-09-09",119.97,127.41,132.28
"2016-09-12",119.69,126.98,132.24
"2016-09-13",119.35,126.56,131.42
"2016-09-14",119.22,126.32,131.25
"2016-09-15",119.32,126.51,131.68
"2016-09-16",119.4,126.6,131.7
"2016-09-19",119.61,126.95,132.16
"2016-09-20",119.76,127.06,132.29
"2016-09-21",120.02,127.5,132.85
"2016-09-22",120.64,128.26,133.86
"2016-09-23",120.71,128.28,133.62
"2016-09-26",120.35,127.6,132.65
"2016-09-27",120.56,127.89,133.21
"2016-09-28",120.77,128.23,133.69
"2016-09-29",120.68,128.07,133.29
"2016-09-30",120.52,127.92,133.41
"2016-10-03",120.62,128.07,133.51
"2016-10-04",120.57,128.16,133.62
"2016-10-05",120.38,128.01,133.58
"2016-10-06",120.4,128.1,133.6
"2016-10-07",120.17,127.7,132.94
"2016-10-10",120.15,127.81,133.3
"2016-10-11",120.28,127.97,133.21
"2016-10-12",120.23,127.94,133.29
"2016-10-13",120.13,127.66,132.87
"2016-10-14",120.14,127.81,133.27
"2016-10-17",120.1,127.66,132.95
"2016-10-18",120.41,128.1,133.57
"2016-10-19",120.68,128.5,133.99
"2016-10-20",120.83,128.72,134.22
"2016-10-21",121.02,129.01,134.58
"2016-10-24",121.05,129.09,134.77
"2016-10-25",120.92,128.84,134.31
"2016-10-26",120.51,128.3,133.73
"2016-10-27",120.14,127.89,133.32
"2016-10-28",120.01,127.73,133.15
"2016-10-31",119.92,127.55,132.89
"2016-11-01",119.65,127.18,132.47
"2016-11-02",118.97,125.88,130.69
"2016-11-03",118.8,125.68,130.5
"2016-11-04",118.75,125.51,130.29
"2016-11-07",119.35,126.54,131.81
"2016-11-08",119.45,126.79,132.1
"2016-11-09",119.15,126.82,132.69
"2016-11-10",119.24,127.38,132.9
"2016-11-11",119.01,127.33,133
"2016-11-14",119.01,127.62,133.38
"2016-11-15",119.29,127.98,133.94
"2016-11-16",119.38,128.13,134.03
"2016-11-17",119.65,128.73,134.92
"2016-11-18",119.57,128.79,135.02
"2016-11-21",119.61,128.89,135.35
"2016-11-22",119.86,129.2,135.61
"2016-11-23",119.86,129.37,135.93
"2016-11-24",119.93,129.49,135.99
"2016-11-25",119.88,129.39,135.84
"2016-11-28",120.01,129.42,135.68
"2016-11-29",119.98,129.34,135.63
"2016-11-30",119.81,129.17,135.43
"2016-12-01",119.29,128.53,134.63
"2016-12-02",119.4,128.52,134.47
"2016-12-05",119.4,128.49,134.41
"2016-12-06",119.68,129,135.04
"2016-12-07",120.27,129.78,135.82
"2016-12-08",120.78,130.79,137.39
"2016-12-09",121.22,131.71,138.47
"2016-12-12",120.92,131.28,137.82
"2016-12-13",121.11,131.53,138.23
"2016-12-14",120.99,131.33,137.94
"2016-12-15",121.16,131.91,138.95
"2016-12-16",121.19,131.94,138.79
"2016-12-19",121.4,132.08,139.09
"2016-12-20",121.61,132.5,139.57
"2016-12-21",121.59,132.34,139.16
"2016-12-22",121.41,132.01,138.72
"2016-12-23",121.54,132.12,138.87
"2016-12-26",121.54,132.11,138.87
"2016-12-27",121.58,132.18,138.99
"2016-12-28",121.78,132.37,138.99
"2016-12-29",121.65,132.02,138.54
"2016-12-30",121.52,131.71,138.14
"2017-01-02",121.58,131.81,138.3
"2017-01-03",121.92,132.55,139.3
"2017-01-04",122.07,132.83,139.57
"2017-01-05",122.1,132.68,139.09
"2017-01-06",122,132.65,139.28
"2017-01-09",122.02,132.51,138.97
"2017-01-10",122.03,132.55,139.21
"2017-01-11",122.31,132.99,139.71
"2017-01-12",122.02,132.43,138.88
"2017-01-13",122.23,132.87,139.71
"2017-01-16",122.26,132.94,139.72
"2017-01-17",121.99,132.29,138.78
"2017-01-18",121.9,132.36,139.09
"2017-01-19",121.82,132.4,139.14
"2017-01-20",121.7,132.25,138.92
"2017-01-23",121.78,132.14,138.63
"2017-01-24",121.81,132.34,139.06
"2017-01-25",121.99,132.89,139.86
"2017-01-26",122.17,133.21,140.24
"2017-01-27",122.17,133.03,139.88
"2017-01-30",122.01,132.75,139.42
"2017-01-31",121.63,132.04,138.57
"2017-02-01",121.69,132.22,138.87
"2017-02-02",121.74,132.25,138.86
"2017-02-03",121.98,132.68,139.54
"2017-02-06",122.26,132.95,139.71
"2017-02-07",122.39,133.11,139.96
"2017-02-08",122.49,133.18,139.95
"2017-02-09",122.68,133.55,140.69
"2017-02-10",122.94,134.06,141.26
"2017-02-13",123.22,134.58,141.92
"2017-02-14",123.26,134.76,142.23
"2017-02-15",123.35,135.02,142.5
"2017-02-16",123.34,134.82,142.07
"2017-02-17",123.49,134.94,142.32
"2017-02-20",123.5,134.96,142.37
"2017-02-21",124,135.81,143.63
"2017-02-22",124.14,135.97,143.62
"2017-02-23",124.08,135.69,143.2
"2017-02-24",124.06,135.41,142.91
"2017-02-27",123.94,135.29,142.81
"2017-02-28",123.98,135.33,142.74
"2017-03-01",124.22,136.11,144.06
"2017-03-02",124.2,136.15,143.87
"2017-03-03",123.95,135.65,143.2
"2017-03-06",123.81,135.42,142.87
"2017-03-07",123.71,135.33,142.82
"2017-03-08",123.46,135.11,142.71
"2017-03-09",123.13,134.75,142.3
"2017-03-10",123.09,134.68,142.21
"2017-03-13",123.12,134.8,142.49
"2017-03-14",123.15,134.83,142.45
"2017-03-15",123.51,135.16,142.91
"2017-03-16",123.57,135.27,142.91
"2017-03-17",123.73,135.48,143.22
"2017-03-20",123.73,135.41,143
"2017-03-21",123.41,134.76,141.98
"2017-03-22",123.28,134.37,141.74
"2017-03-23",123.39,134.63,142.16
"2017-03-24",123.42,134.55,141.87
"2017-03-27",123.27,134.22,141.43
"2017-03-28",123.48,134.67,142.13
"2017-03-29",123.97,135.4,142.98
"2017-03-30",124.17,135.75,143.49
"2017-03-31",124.32,135.98,143.74
"2017-04-03",124.45,136.04,143.59
"2017-04-04",124.45,136.03,143.65
"2017-04-05",124.37,135.93,143.51
"2017-04-06",124.39,135.94,143.62
"2017-04-07",124.61,136.34,144.06
"2017-04-10",124.73,136.51,144.29
"2017-04-11",124.87,136.6,144.36
"2017-04-12",124.8,136.46,144.19
"2017-04-13",124.8,136.27,143.96
"2017-04-14",124.77,136.21,143.87
"2017-04-17",124.76,136.23,143.92
"2017-04-18",124.7,135.96,143.6
"2017-04-19",124.54,135.76,143.52
"2017-04-20",124.58,135.95,143.84
"2017-04-21",124.68,136.1,143.7
"2017-04-24",124.83,136.43,144.21
"2017-04-25",124.82,136.58,144.43
"2017-04-26",125.1,137.01,144.96
"2017-04-27",125.2,137.14,145.13
"2017-04-28",125.13,136.92,144.73
"2017-05-01",125.06,136.88,144.73
"2017-05-02",125.25,137.1,144.97
"2017-05-03",125.19,137.01,144.8
"2017-05-04",124.99,136.83,144.63
"2017-05-05",125.06,136.93,144.84
"2017-05-08",125.22,137.27,145.19
"2017-05-09",125.35,137.58,145.64
"2017-05-10",125.45,137.73,145.87
"2017-05-11",125.47,137.75,145.78
"2017-05-12",125.48,137.52,145.37
"2017-05-15",125.35,137.29,145.19
"2017-05-16",125.33,137.19,144.92
"2017-05-17",125.03,136.4,143.55
"2017-05-18",124.52,135.77,143.22
"2017-05-19",124.71,136.04,143.51
"2017-05-22",124.73,136.12,143.53
"2017-05-23",124.9,136.4,143.93
"2017-05-24",125.09,136.64,144.09
"2017-05-25",125.2,136.79,144.3
"2017-05-26",125.41,137.1,144.84
"2017-05-29",125.42,137.13,144.85
"2017-05-30",125.46,137.08,144.66
"2017-05-31",125.38,136.87,144.44
"2017-06-01",125.6,137.32,145.21
"2017-06-02",126.01,137.87,145.66
"2017-06-05",125.97,137.86,145.71
"2017-06-06",125.87,137.55,145.3
"2017-06-07",125.9,137.69,145.45
"2017-06-08",125.81,137.6,145.43
"2017-06-09",125.94,137.83,145.65
"2017-06-12",125.66,137.34,144.89
"2017-06-13",125.9,137.73,145.48
"2017-06-14",126.13,137.87,145.32
"2017-06-15",125.9,137.61,145.21
"2017-06-16",126.01,137.76,145.46
"2017-06-19",126.31,138.32,146.35
"2017-06-20",126.4,138.38,146.22
"2017-06-21",126.19,138.04,145.86
"2017-06-22",126.15,137.99,145.79
"2017-06-23",126.19,137.97,145.71
"2017-06-26",126.47,138.38,146.1
"2017-06-27",125.72,137.32,144.64
"2017-06-28",125.5,136.98,144.38
"2017-06-29",125.04,136.38,143.35
"2017-06-30",124.95,136.34,143.39
"2017-07-03",125.04,136.62,143.82
"2017-07-04",125.03,136.6,143.71
"2017-07-05",125.13,136.74,143.86
"2017-07-06",124.58,135.95,142.73
"2017-07-07",124.51,135.93,142.92
"2017-07-10",124.81,136.33,143.35
"2017-07-11",124.66,136.04,142.83
"2017-07-12",125.16,136.74,143.89
"2017-07-13",125.36,137.17,144.33
"2017-07-14",125.48,137.27,144.44
"2017-07-17",125.55,137.31,144.41
"2017-07-18",125.43,136.94,143.82
"2017-07-19",125.77,137.49,144.72
"2017-07-20",125.71,137.32,144.24
"2017-07-21",125.54,136.87,143.63
"2017-07-24",125.41,136.74,143.58
"2017-07-25",125.19,136.62,143.47
"2017-07-26",125.4,136.82,143.6
"2017-07-27",125.35,136.74,143.5
"2017-07-28",125.02,136.09,142.62
"2017-07-31",124.86,135.82,142.15
"2017-08-01",125.01,135.9,142.25
"2017-08-02",124.9,135.68,141.89
"2017-08-03",124.95,135.63,141.83
"2017-08-04",125.08,135.94,142.47
"2017-08-07",125.2,136.14,142.64
"2017-08-08",125.21,136.24,142.83
"2017-08-09",125.13,136.01,142.41
"2017-08-10",124.79,135.35,141.36
"2017-08-11",124.51,134.83,140.84
"2017-08-14",124.81,135.38,141.77
"2017-08-15",124.74,135.39,141.83
"2017-08-16",125.17,136.03,142.55
"2017-08-17",125.07,135.79,142
"2017-08-18",124.79,135.28,141.49
"2017-08-21",124.72,135.11,141.2
"2017-08-22",124.91,135.53,141.95
"2017-08-23",124.82,135.25,141.38
"2017-08-24",124.79,135.24,141.44
"2017-08-25",124.73,135.04,141.12
"2017-08-28",124.51,134.63,140.55
"2017-08-29",124.27,134.14,139.98
"2017-08-30",124.6,134.74,140.83
"2017-08-31",125.06,135.47,141.71
"2017-09-01",125.15,135.74,142.14
"2017-09-04",125.09,135.64,141.97
"2017-09-05",125.1,135.37,141.34
"2017-09-06",124.92,135.17,141.23
"2017-09-07",124.98,135.13,141.07
"2017-09-08",124.92,135.05,141.11
"2017-09-11",125.19,135.7,142.05
"2017-09-12",125.28,136.03,142.41
"2017-09-13",125.38,136.24,142.68
"2017-09-14",125.4,136.27,142.66
"2017-09-15",125.23,135.99,142.33
"2017-09-18",125.23,136.06,142.37
"2017-09-19",125.19,136,142.2
"2017-09-20",125.17,136.01,142.31
"2017-09-21",125.1,135.91,142.08
"2017-09-22",125.21,136.02,142.25
"2017-09-25",125.52,136.42,142.68
"2017-09-26",125.65,136.7,143.13
"2017-09-27",125.56,136.82,143.42
"2017-09-28",125.58,136.8,143.33
"2017-09-29",125.84,137.24,143.93
"2017-10-02",126.12,137.76,144.6
"2017-10-03",126.19,137.84,144.69
"2017-10-04",126.3,138.03,144.98
"2017-10-05",126.44,138.32,145.47
"2017-10-06",126.35,138.25,145.32
"2017-10-09",126.31,138.11,145.07
"2017-10-10",126.28,138.01,144.99
"2017-10-11",126.21,137.92,144.85
"2017-10-12",126.39,138.15,145.11
"2017-10-13",126.65,138.45,145.42
"2017-10-16",126.74,138.63,145.66
"2017-10-17",126.81,138.69,145.65
"2017-10-18",126.72,138.65,145.62
"2017-10-19",126.51,138.2,145.02
"2017-10-20",126.5,138.36,145.35
"2017-10-23",126.58,138.45,145.29
"2017-10-24",126.38,138.24,145.14
"2017-10-25",126.1,137.84,144.55
"2017-10-26",126.44,138.47,145.76
"2017-10-27",127.07,139.45,146.97
"2017-10-30",127.14,139.44,146.73
"2017-10-31",127.28,139.58,146.96
"2017-11-01",127.37,139.74,147.21
"2017-11-02",127.35,139.62,146.82
"2017-11-03",127.49,139.88,147.32
"2017-11-06",127.75,140.27,147.77
"2017-11-07",127.67,140.1,147.37
"2017-11-08",127.52,139.9,147.39
"2017-11-09",127.08,139.27,146.48
"2017-11-10",126.74,138.91,146.16
"2017-11-13",126.57,138.63,145.87
"2017-11-14",126.28,138.1,145.17
"2017-11-15",125.95,137.42,144.36
"2017-11-16",126.4,138.21,145.52
"2017-11-17",126.48,138.28,145.52
"2017-11-20",126.72,138.74,146.25
"2017-11-21",127.14,139.37,146.98
"2017-11-22",127.1,139.21,146.6
"2017-11-23",127.01,139.03,146.48
"2017-11-24",126.82,138.72,145.99
"2017-11-27",126.77,138.58,145.78
"2017-11-28",127,139.01,146.56
"2017-11-29",126.98,139.13,146.61
"2017-11-30",126.79,138.89,146.24
"2017-12-01",126.88,138.83,146.15
"2017-12-03",126.88,138.83,146.15
"2017-12-04",127.07,139.22,146.68
"2017-12-05",127.1,139.2,146.66
"2017-12-06",127.1,139.1,146.56
"2017-12-07",127.11,139.26,146.86
"2017-12-08",127.31,139.62,147.26
"2017-12-11",127.28,139.6,147.23
"2017-12-12",127.38,139.81,147.65
"2017-12-13",127.42,139.75,147.46
"2017-12-14",127.27,139.51,147.17
"2017-12-15",127.41,139.78,147.72
"2017-12-18",127.68,140.32,148.45
"2017-12-19",127.38,140.07,148.05
"2017-12-20",127.07,139.66,147.48
"2017-12-21",127.28,139.97,147.99
"2017-12-22",127.32,140.05,148
"2017-12-25",127.32,140.05,148
"2017-12-26",127.32,140.04,147.98
"2017-12-27",127.43,140.04,147.86
"2017-12-28",127.28,139.89,147.69
"2017-12-29",127.11,139.54,147.14
"2018-01-01",127.11,139.54,147.14
"2018-01-02",127.08,139.6,147.48
"2018-01-03",127.48,140.2,148.12
"2018-01-04",127.63,140.45,148.44
"2018-01-05",128.05,141.24,149.56
"2018-01-08",128.29,141.68,150.03
"2018-01-09",128.36,142.02,150.52
"2018-01-10",128.05,141.47,149.76
"2018-01-11",128.04,141.44,149.63
"2018-01-12",127.97,141.29,149.5
"2018-01-15",127.88,141.13,149.29
"2018-01-16",127.86,141.03,149.04
"2018-01-17",127.84,141.08,149.29
"2018-01-18",127.63,140.79,148.86
"2018-01-19",127.83,141.21,149.61
"2018-01-22",128.06,141.65,150.26
"2018-01-23",128.24,141.86,150.39
"2018-01-24",127.96,141.4,149.74
"2018-01-25",127.73,140.9,149.02
"2018-01-26",127.91,141.35,149.92
"2018-01-29",127.77,141.3,149.8
"2018-01-30",127.24,140.46,148.66
"2018-01-31",127.21,140.34,148.61
"2018-02-01",127.09,140.2,148.37
"2018-02-02",126.25,139.02,146.73
"2018-02-05",125.43,137.4,144.44
"2018-02-06",125.01,136.62,143.81
"2018-02-07",125.39,137.46,144.98
"2018-02-08",124.59,136.24,142.94
"2018-02-09",124.13,135.48,142.28
"2018-02-12",124.46,136.13,143.39
"2018-02-13",124.23,135.75,142.89
"2018-02-14",124.44,136.31,143.91
"2018-02-15",124.71,136.69,144.2
"2018-02-16",125.27,137.49,145.23
"2018-02-19",125.31,137.57,145.21
"2018-02-20",125.25,137.57,145.21
"2018-02-21",125.27,137.7,145.47
"2018-02-22",125.15,137.49,145.18
"2018-02-23",125.53,137.99,145.89
"2018-02-26",125.91,138.59,146.71
"2018-02-27",125.61,138.25,146.18
"2018-02-28",125.49,137.95,145.7
"2018-03-01",125.21,137.3,144.72
"2018-03-02",124.63,136.37,143.71
"2018-03-05",124.71,136.6,144.23
"2018-03-06",124.87,136.86,144.42
"2018-03-07",124.87,136.87,144.52
"2018-03-08",125.31,137.62,145.53
"2018-03-09",125.64,138.25,146.43
"2018-03-12",125.86,138.58,146.7
"2018-03-13",125.62,138.08,145.89
"2018-03-14",125.53,137.86,145.69
"2018-03-15",125.54,137.93,145.96
"2018-03-16",125.52,137.95,146.13
"2018-03-19",125.14,137.26,144.96
"2018-03-20",125.2,137.5,145.55
"2018-03-21",125.12,137.39,145.38
"2018-03-22",124.7,136.43,143.71
"2018-03-23",123.94,135.05,141.95
"2018-03-26",123.97,135.13,142.26
"2018-03-27",124.22,135.42,142.5
"2018-03-28",124.14,135.27,142.41
"2018-03-29",124.58,135.93,143.36
"2018-03-30",124.59,135.95,143.4
"2018-04-02",124.45,135.7,142.97
"2018-04-03",124.39,135.68,143.01
"2018-04-04",124.4,135.67,143.18
"2018-04-05",124.96,136.78,144.64
"2018-04-06",124.76,136.27,143.57
"2018-04-09",124.68,136.18,143.56
"2018-04-10",124.83,136.54,144.24
"2018-04-11",124.87,136.55,144.06
"2018-04-12",125.01,136.88,144.7
"2018-04-13",125.05,136.91,144.5
"2018-04-16",125,136.83,144.48
"2018-04-17",125.35,137.35,145.34
"2018-04-18",125.4,137.6,145.58
"2018-04-19",125.18,137.44,145.3
"2018-04-20",125.05,137.37,145.17
"2018-04-23",124.94,137.33,145.25
"2018-04-24",124.68,136.9,144.59
"2018-04-25",124.45,136.64,144.32
"2018-04-26",124.86,137.25,145.29
"2018-04-27",125.21,137.75,145.88
"2018-04-30",125.21,137.73,145.88
"2018-05-01",125.02,137.54,145.63
"2018-05-02",125.23,137.96,146.19
"2018-05-03",125.15,137.82,145.91
"2018-05-04",125.47,138.42,146.99
"2018-05-07",125.63,138.69,147.45
"2018-05-08",125.69,139.02,147.96
"2018-05-09",125.75,139.16,148.11
"2018-05-10",125.89,139.3,148.26
"2018-05-11",125.97,139.43,148.39
"2018-05-14",125.82,139.3,148.37
"2018-05-15",125.62,139.29,148.5
"2018-05-16",126.06,140.06,149.56
"2018-05-17",126.09,140.21,149.83
"2018-05-18",126.26,140.44,150.15
"2018-05-21",126.32,140.51,150.28
"2018-05-22",126.36,140.58,150.35
"2018-05-23",126.51,140.65,150.44
"2018-05-24",126.61,140.75,150.67
"2018-05-25",126.82,140.98,151.08
"2018-05-28",126.87,141.06,151.21
"2018-05-29",126.92,140.82,150.87
"2018-05-30",126.63,140.57,150.82
"2018-05-31",126.64,140.58,150.56
"2018-06-01",126.68,140.84,151.07
"2018-06-04",126.86,141.23,151.55
"2018-06-05",126.99,141.42,151.79
"2018-06-06",126.68,141.11,151.57
"2018-06-07",126.52,140.84,151.1
"2018-06-08",126.66,141.11,151.59
"2018-06-11",126.59,141.08,151.66
"2018-06-12",126.71,141.33,152
"2018-06-13",126.7,141.34,151.94
"2018-06-14",127.13,142,153.29
"2018-06-15",127.33,142.28,153.39
"2018-06-18",127.12,141.88,152.96
"2018-06-19",126.91,141.45,152.28
"2018-06-20",126.96,141.6,152.48
"2018-06-21",126.69,141.03,151.55
"2018-06-22",126.78,141.16,151.85
"2018-06-25",126.07,139.85,149.78
"2018-06-26",126.02,139.76,149.91
"2018-06-27",126.13,139.87,150.07
"2018-06-28",125.93,139.61,149.77
"2018-06-29",126.1,139.9,150.17
"2018-07-02",125.78,139.4,149.68
"2018-07-03",125.88,139.46,149.71
"2018-07-04",125.87,139.44,149.64
"2018-07-05",125.86,139.36,149.54
"2018-07-06",126.07,139.65,149.93
"2018-07-09",126.38,140.21,150.69
"2018-07-10",126.58,140.63,151.18
"2018-07-11",126.29,140.05,150.33
"2018-07-12",126.65,140.66,151.35
"2018-07-13",126.91,141.02,151.8
"2018-07-16",126.64,140.65,151.17
"2018-07-17",126.87,141.06,151.94
"2018-07-18",127.03,141.35,152.4
"2018-07-19",127.02,141.29,152.25
"2018-07-20",126.69,140.84,151.74
"2018-07-21",126.69,140.84,151.74
"2018-07-23",126.38,140.47,151.35
"2018-07-24",126.51,140.62,151.45
"2018-07-25",126.75,140.97,151.87
"2018-07-26",126.96,141.43,152.59
"2018-07-27",127.04,141.5,152.31
"2018-07-30",126.56,140.71,151.14
"2018-07-31",126.73,140.96,151.61
"2018-08-01",126.72,141.07,151.69
"2018-08-02",126.81,141.22,151.96
"2018-08-03",127.18,141.72,152.63
"2018-08-06",127.36,141.98,152.97
"2018-08-07",127.31,142.02,153.04
"2018-08-08",127.3,142,152.99
"2018-08-09",127.4,142.14,153.36
"2018-08-10",127.59,142.33,153.51
"2018-08-13",127.14,141.68,152.7
"2018-08-14",127.43,142.18,153.54
"2018-08-15",127.31,141.89,153.01
"2018-08-16",127.21,141.73,152.92
"2018-08-17",127.27,141.83,153.03
"2018-08-20",127.45,142.05,153.26
"2018-08-21",127.37,141.98,153.19
"2018-08-22",127.43,142.05,153.18
"2018-08-23",127.4,142.03,153.14
"2018-08-24",127.4,142.05,153.22
"2018-08-27",127.45,142.18,153.46
"2018-08-28",127.32,142.08,153.29
"2018-08-29",127.39,142.29,153.64
"2018-08-30",127.27,142.06,153.42
"2018-08-31",127.32,142.1,153.58
"2018-09-03",127.3,142.07,153.48
"2018-09-04",127.09,141.9,153.22
"2018-09-05",126.53,140.9,151.76
"2018-09-06",126.36,140.5,151.25
"2018-09-07",126.29,140.55,151.61
"2018-09-10",126.32,140.61,151.5
"2018-09-11",126.27,140.65,151.66
"2018-09-12",126.37,140.73,151.74
"2018-09-13",126.31,140.55,151.39
"2018-09-14",126.43,140.88,151.98
"2018-09-17",126.24,140.54,151.27
"2018-09-18",126.21,140.58,151.43
"2018-09-19",126.18,140.63,151.37
"2018-09-20",126.26,140.74,151.53
"2018-09-21",126.5,141.1,151.98
"2018-09-24",126.09,140.44,151.01
"2018-09-25",126.07,140.51,151.22
"2018-09-26",126.33,140.85,151.78
"2018-09-27",126.49,141.12,152.27
"2018-09-28",126.73,141.5,152.71
"2018-10-01",126.74,141.61,152.96
"2018-10-02",126.7,141.41,152.54
"2018-10-03",126.59,141.45,152.78
"2018-10-04",125.86,140.39,151
"2018-10-05",125.34,139.58,150.08
"2018-10-08",125.17,139.2,149.68
"2018-10-09",125.11,139.09,149.59
"2018-10-10",124.08,137.25,146.64
"2018-10-11",123.2,135.51,144.47
"2018-10-12",123.52,136.06,145.3
"2018-10-15",123.32,135.77,144.97
"2018-10-16",123.94,136.85,146.64
"2018-10-17",124.23,137.37,147.11
"2018-10-18",123.96,136.93,146.44
"2018-10-19",123.6,136.38,145.93
"2018-10-22",123.63,136.43,146.04
"2018-10-23",123.09,135.42,144.72
"2018-10-24",122.93,134.98,143.95
"2018-10-25",122.92,135.08,144.61
"2018-10-26",122.66,134.45,143.55
"2018-10-29",122.56,134.37,143.33
"2018-10-30",122.69,134.7,143.96
"2018-10-31",123.25,135.84,145.54
"2018-11-01",123.33,135.96,145.73
"2018-11-02",123.62,136.66,146.4
"2018-11-05",123.58,136.53,146.26
"2018-11-06",123.58,136.52,146.36
"2018-11-07",123.94,137.15,147.41
"2018-11-08",123.97,137.32,147.56
"2018-11-09",123.88,137.06,147.27
"2018-11-12",123.63,136.47,146.33
"2018-11-13",123.37,136.09,146.11
"2018-11-14",123.1,135.61,145.42
"2018-11-15",123.02,135.57,145.55
"2018-11-16",122.91,135.28,145.07
"2018-11-19",122.41,134.44,143.79
"2018-11-20",121.76,133.4,142.54
"2018-11-21",121.88,133.62,143.13
"2018-11-22",121.91,133.68,143.05
"2018-11-23",122.15,134.05,143.49
"2018-11-26",122.43,134.66,144.38
"2018-11-27",122.5,134.81,144.52
"2018-11-28",122.74,135.24,145.25
"2018-11-29",122.74,135.22,145.08
"2018-11-30",122.85,135.44,145.55
"2018-12-03",123.51,136.54,146.81
"2018-12-04",122.96,135.46,145.22
"2018-12-05",122.58,134.78,144.63
"2018-12-06",121.9,133.53,142.97
"2018-12-07",121.7,133.1,142.31
"2018-12-10",121.23,132.3,141.34
"2018-12-11",121.45,132.75,142.23
"2018-12-12",121.71,133.25,142.87
"2018-12-13",121.74,133.28,142.74
"2018-12-14",121.4,132.58,141.64
"2018-12-17",120.85,131.49,140
"2018-12-18",120.59,130.92,139.44
"2018-12-19",120.42,130.55,138.8
"2018-12-20",119.6,129.21,137.04
"2018-12-21",119.21,128.58,136.28
"2018-12-24",118.9,127.94,135.16
"2018-12-25",118.9,127.94,135.16
"2018-12-26",118.95,128.02,135.3
"2018-12-27",119.34,128.74,136.56
"2018-12-28",119.65,129.29,137.39
"2018-12-31",120.03,129.88,138.14
"2019-01-01",120.03,129.88,138.14
"2019-01-02",120.18,130.02,138.32
"2019-01-03",120.07,129.63,137.39
"2019-01-04",120.61,130.73,139.38
"2019-01-07",120.9,131.25,139.75
"2019-01-08",121.31,132,140.71
"2019-01-09",121.66,132.57,141.14
"2019-01-10",121.66,132.57,141.28
"2019-01-11",122.02,133.07,141.86
"2019-01-14",121.9,132.88,141.54
"2019-01-15",122.23,133.41,142.4
"2019-01-16",122.43,133.71,142.75
"2019-01-17",122.62,134.09,143.28
"2019-01-18",123.16,135.05,144.56
"2019-01-21",123.25,135.22,144.6
"2019-01-22",123.12,134.87,144.01
"2019-01-23",123.08,134.79,144.01
"2019-01-24",123.37,135.15,144.48
"2019-01-25",123.66,135.69,145.05
"2019-01-28",123.43,135.28,144.31
"2019-01-29",123.55,135.39,144.56
"2019-01-30",123.88,135.9,145.39
"2019-01-31",124.46,136.65,146.27
"2019-02-01",124.47,136.75,146.45
"2019-02-04",124.58,136.98,146.79
"2019-02-05",125.07,137.77,147.88
"2019-02-06",125.21,137.97,147.99
"2019-02-07",125.04,137.55,147.29
"2019-02-08",124.93,137.29,147.25
"2019-02-11",125.13,137.76,148.06
"2019-02-12",125.45,138.39,148.85
"2019-02-13",125.73,138.93,149.5
"2019-02-14",125.78,138.92,149.29
"2019-02-15",126.14,139.52,150.33
"2019-02-18",126.27,139.76,150.43
"2019-02-19",126.41,139.91,150.61
"2019-02-20",126.51,140.09,150.85
"2019-02-21",126.45,140.09,150.83
"2019-02-22",126.72,140.44,151.35
"2019-02-25",126.83,140.62,151.51
"2019-02-26",126.85,140.56,151.33
"2019-02-27",126.64,140.32,151.06
"2019-02-28",126.57,140.23,150.95
"2019-03-01",126.76,140.67,151.56
"2019-03-04",126.99,141.01,151.8
"2019-03-05",126.97,140.99,151.89
"2019-03-06",126.91,140.76,151.4
"2019-03-07",126.88,140.51,151.27
"2019-03-08",126.53,139.9,150.5
"2019-03-11",126.85,140.47,151.46
"2019-03-12",127.12,140.79,151.68
"2019-03-13",127.3,141.07,152.15
"2019-03-14",127.39,141.28,152.36
"2019-03-15",127.57,141.52,152.65
"2019-03-18",127.69,141.71,152.87
"2019-03-19",127.83,141.96,153.15
"2019-03-20",127.68,141.49,152.32
"2019-03-21",127.95,141.91,153.25
"2019-03-22",127.77,141.37,152.1
"2019-03-25",127.43,140.66,151.6
"2019-03-26",127.86,141.43,152.74
"2019-03-27",128.09,141.69,152.94
"2019-03-28",128.24,142.01,153.55
"2019-03-29",128.45,142.43,154.06
"2019-04-01",128.75,143.16,155.11
"2019-04-02",128.91,143.37,155.15
"2019-04-03",129.02,143.67,155.54
"2019-04-04",129.09,143.8,155.62
"2019-04-05",129.26,144.02,155.94
"2019-04-08",129.22,143.96,155.78
"2019-04-09",129.12,143.69,155.26
"2019-04-10",129.38,144.03,155.88
"2019-04-11",129.37,144.08,155.92
"2019-04-12",129.36,144.2,156.11
"2019-04-15",129.53,144.5,156.3
"2019-04-16",129.49,144.53,156.44
"2019-04-17",129.52,144.59,156.37
"2019-04-18",129.72,144.8,156.66
"2019-04-19",129.72,144.79,156.65
"2019-04-22",129.62,144.73,156.58
"2019-04-23",129.97,145.26,157.5
"2019-04-24",130.31,145.68,157.89
"2019-04-25",130.32,145.79,157.96
"2019-04-26",130.52,145.99,158.46
"2019-04-29",130.49,146.03,158.56
"2019-04-30",130.43,145.86,158.25
"2019-05-01",130.48,145.92,158.34
"2019-05-02",130.04,145.3,157.6
"2019-05-03",130.33,145.72,158.15
