Date,TR
1871-01-01,1.0
1871-02-01,1.0688326624496836
1871-03-01,1.1502788320235127
1871-04-01,1.2380353449863761
1871-05-01,1.3246971608842266
1871-06-01,1.3691134525291688
1871-07-01,1.3988682423932177
1871-08-01,1.471932020196955
1871-09-01,1.5426158039994817
1871-10-01,1.518254384547249
1871-11-01,1.590112252269337
1871-12-01,1.6797010618147599
1872-01-01,1.778246415924802
1872-02-01,1.8423089832611526
1872-03-01,1.9601593649934683
1872-04-01,2.0727571724134997
1872-05-01,2.1316295128390315
1872-06-01,2.1706284064758847
1872-07-01,2.2182112688493616
1872-08-01,2.253114665686428
1872-09-01,2.274582602887316
1872-10-01,2.3461770909454036
1872-11-01,2.3998633940170735
1872-12-01,2.521871687772742
1873-01-01,2.606129813472573
1873-02-01,2.6914236638674116
1873-03-01,2.735944934315374
1873-04-01,2.7644236833935367
1873-05-01,2.8363980127214448
1873-06-01,2.8641028812200613
1873-07-01,2.925904862104563
1873-08-01,2.9939899684875417
1873-09-01,2.8336902517308844
1873-10-01,2.6558945036543973
1873-11-01,2.6304955992174737
1873-12-01,2.9481312185666635
1874-01-01,3.1784235077042
1874-02-01,3.3441253919188547
1874-03-01,3.365569662577485
1874-04-01,3.3432826280835415
1874-05-01,3.326279325482288
1874-06-01,3.38164263016526
1874-07-01,3.4518553961227063
1874-08-01,3.529807748170114
1874-09-01,3.6552971455306715
1874-10-01,3.717458596189593
1874-11-01,3.8204966036144974
1874-12-01,3.865629523158719
1875-01-01,3.93531037422255
1875-02-01,3.995791225868043
1875-03-01,4.117332634242229
1875-04-01,4.23923908224929
1875-05-01,4.142692696361259
1875-06-01,4.126304052896039
1875-07-01,4.202214200107061
1875-08-01,4.287316130742939
1875-09-01,4.313854441517306
1875-10-01,4.309647415310617
1875-11-01,4.444166168385193
1875-12-01,4.507995955619236
1876-01-01,4.664667764822553
1876-02-01,4.791250930058693
1876-03-01,4.844480604615614
1876-04-01,4.725702475489423
1876-05-01,4.615312816622473
1876-06-01,4.6460183491917615
1876-07-01,4.6538720117367465
1876-08-01,4.5247363740939
1876-09-01,4.312246382757322
1876-10-01,4.3527035608707285
1876-11-01,4.333511754300698
1876-12-01,4.37326647623307
1877-01-01,4.398491332220894
1877-02-01,4.198235057429044
1877-03-01,4.042531158149785
1877-04-01,3.8052457576557988
1877-05-01,3.8593308640387773
1877-06-01,3.6357920333247615
1877-07-01,3.8457772805225767
1877-08-01,4.163890430480862
1877-09-01,4.469556921894843
1877-10-01,4.610440572229976
1877-11-01,4.583179433548093
1877-12-01,4.6095461328447405
1878-01-01,4.649801451993677
1878-02-01,4.589715712045662
1878-03-01,4.716207738728178
1878-04-01,4.886936913503724
1878-05-01,4.941144314624079
1878-06-01,5.0840629335252965
1878-07-01,5.2276193511411835
1878-08-01,5.221553667079622
1878-09-01,5.366328021471802
1878-10-01,5.344006595695889
1878-11-01,5.367118340010044
1878-12-01,5.374481812696232
1879-01-01,5.615658093149972
1879-02-01,5.858578638431953
1879-03-01,5.80319243805128
1879-04-01,6.033705730680887
1879-05-01,6.34584647670572
1879-06-01,6.4184844272840955
1879-07-01,6.588938013392993
1879-08-01,6.678993430492657
1879-09-01,6.966637341230139
1879-10-01,7.767884892492594
1879-11-01,8.225027497906252
1879-12-01,8.250897063639213
1880-01-01,8.613146288592935
1880-02-01,8.809526389358009
1880-03-01,9.024685039235187
1880-04-01,8.867161058419104
1880-05-01,8.213192465649302
1880-06-01,8.296565501546132
1880-07-01,8.727618614352005
1880-08-01,9.092249579984223
1880-09-01,9.126858454240802
1880-10-01,9.444341211582449
1880-11-01,9.994734530589378
1880-12-01,10.459819979353632
1881-01-01,11.143075730812273
1881-02-01,11.16451906361754
1881-03-01,11.349693613496164
1881-04-01,11.372890858461089
1881-05-01,11.945492088868654
1881-06-01,12.154215657621998
1881-07-01,11.792138210623053
1881-08-01,11.577413551936866
1881-09-01,11.735673407280215
1881-10-01,11.613860079572243
1881-11-01,11.756418657498541
1881-12-01,11.482636985472833
1882-01-01,11.37876912535123
1882-02-01,11.19698261242751
1882-03-01,11.245729234160354
1882-04-01,11.313814340543333
1882-05-01,11.244880934151565
1882-06-01,11.253886105679106
1882-07-01,11.955992964494712
1882-08-01,12.382757859812532
1882-09-01,12.571063916290779
1882-10-01,12.296668114697887
1882-11-01,11.838042560484247
1882-12-01,11.967253532067662
1883-01-01,11.974033233757346
1883-02-01,11.774558472493725
1883-03-01,11.988284489029928
1883-04-01,12.307262008060931
1883-05-01,12.166576983457333
1883-06-01,12.34115552953619
1883-07-01,12.219632067190874
1883-08-01,11.734674234726159
1883-09-01,11.93307180500088
1883-10-01,11.679240993468976
1883-11-01,11.92295255771577
1883-12-01,11.731122410316825
1884-01-01,11.449479169717643
1884-02-01,11.828435190980858
1884-03-01,11.853116325681219
1884-04-01,11.385158669504245
1884-05-01,10.531092621394976
1884-06-01,10.168875018516653
1884-07-01,10.236598422771973
1884-08-01,10.946637804718728
1884-09-01,10.66724649255755
1884-10-01,10.385303240471467
1884-11-01,10.241109485884568
1884-12-01,10.283524152265757
1885-01-01,10.111299995408965
1885-02-01,10.48478435395949
1885-03-01,10.571011038054921
1885-04-01,10.607876309657538
1885-05-01,10.54624940801824
1885-06-01,10.555934817575286
1885-07-01,11.005990383276258
1885-08-01,11.678939371939057
1885-09-01,11.584950308249905
1885-10-01,12.311178033766675
1885-11-01,13.164202932693556
1885-12-01,13.114776663757938
1886-01-01,13.165478791417513
1886-02-01,13.469022777995509
1886-03-01,13.23947702222579
1886-04-01,13.11054819263073
1886-05-01,12.903780670583833
1886-06-01,13.543925915345262
1886-07-01,13.798884016426108
1886-08-01,13.950674411823023
1886-09-01,14.36225148551768
1886-10-01,14.774683214191679
1886-11-01,15.187951772088049
1886-12-01,14.841290029563442
1887-01-01,14.730744390951065
1887-02-01,14.673019997391286
1887-03-01,15.06573699633153
1887-04-01,15.460095707906396
1887-05-01,15.77611716728703
1887-06-01,15.371551079416047
1887-07-01,15.046512810868432
1887-08-01,14.72074089941746
1887-09-01,14.583262907775518
1887-10-01,14.147474707982033
1887-11-01,14.472201103757463
1887-12-01,14.443474473663935
1888-01-01,14.605932150641156
1888-02-01,14.5759021216617
1888-03-01,14.075912276627768
1888-04-01,14.183095211541618
1888-05-01,14.42919067773257
1888-06-01,14.033703151922662
1888-07-01,14.448553265560268
1888-08-01,14.808125251581242
1888-09-01,15.224802638763254
1888-10-01,15.189544267646205
1888-11-01,14.926533753175217
1888-12-01,14.69061240901441
1889-01-01,15.025187946403136
1889-02-01,15.245806551279115
1889-03-01,14.977788406477382
1889-04-01,14.997163511831191
1889-05-01,15.450534808585692
1889-06-01,15.759788376976019
1889-07-01,15.487051184586171
1889-08-01,15.739107781925748
1889-09-01,16.167469438677465
1889-10-01,15.920685661649289
1889-11-01,15.820250628927159
1889-12-01,15.77834745379577
1890-01-01,16.003107251506954
1890-02-01,15.871442447072685
1890-03-01,15.79891680397359
1890-04-01,16.174869414694673
1890-05-01,16.91188571111772
1890-06-01,16.838324928438453
1890-07-01,16.764428600880063
1890-08-01,16.417847992725147
1890-09-01,16.191531490545465
1890-10-01,15.507894971535098
1890-11-01,14.42519144684505
1890-12-01,14.135105889722633
1891-01-01,14.919398185911678
1891-02-01,15.151157913730696
1891-03-01,14.919679850443329
1891-04-01,15.4627770879155
1891-05-01,15.447361143471644
1891-06-01,15.182101752221625
1891-07-01,14.978483842204719
1891-08-01,15.527715290946322
1891-09-01,16.834378997604606
1891-10-01,16.881187508242903
1891-11-01,16.674619846149604
1891-12-01,17.229607247337224
1892-01-01,17.595254488704608
1892-02-01,17.67469843823425
1892-03-01,17.91468706603189
1892-04-01,17.930815934631617
1892-05-01,17.979390402716724
1892-06-01,17.931489640778413
1892-07-01,17.980787513118837
1892-08-01,18.29007617219145
1892-09-01,17.88445149886284
1892-10-01,18.29380766538373
1892-11-01,18.279057887263757
1892-12-01,18.133219836757306
1893-01-01,18.513550428071973
1893-02-01,18.23496614843478
1893-03-01,17.624675644533603
1893-04-01,17.676441601980414
1893-05-01,16.163817588726634
1893-06-01,15.447829949663266
1893-07-01,14.059223943835534
1893-08-01,13.775368235110978
1893-09-01,14.807159375309988
1893-10-01,15.300476741214581
1893-11-01,15.591505433784773
1893-12-01,15.09882364756539
1894-01-01,14.843173751153937
1894-02-01,15.101094899588997
1894-03-01,15.60036474237773
1894-04-01,15.858270099614629
1894-05-01,15.317994630105243
1894-06-01,15.158049055362026
1894-07-01,14.891945675108168
1894-08-01,15.50009426823364
1894-09-01,15.792936021224854
1894-10-01,15.345513153540299
1894-11-01,15.390896132263705
1894-12-01,15.293725406071646
1895-01-01,15.160210538658145
1895-02-01,14.99016276034017
1895-03-01,15.033779781616763
1895-04-01,15.722877668949714
1895-05-01,16.62929156498045
1895-06-01,16.996494700254676
1895-07-01,17.111011698979162
1895-08-01,17.406627766819238
1895-09-01,17.557135674033802
1895-10-01,17.343284184815246
1895-11-01,16.799876583158756
1895-12-01,15.852074080770196
1896-01-01,15.708856320280583
1896-02-01,16.41112018230447
1896-03-01,16.192861347019832
1896-04-01,16.380464763576708
1896-05-01,16.34587692840889
1896-06-01,16.088040868201844
1896-07-01,15.08448896795787
1896-08-01,14.264718556415714
1896-09-01,15.05235246734612
1896-10-01,15.428845388961626
1896-11-01,16.52099072014344
1896-12-01,15.955782082158994
1897-01-01,15.994079954499421
1897-02-01,15.880775173242693
1897-03-01,15.957065330686579
1897-04-01,15.500275257206175
1897-05-01,15.614929165296386
1897-06-01,16.380392856608946
1897-07-01,17.14756066870481
1897-08-01,18.300834458965504
1897-09-01,19.225277999845314
1897-10-01,18.64589625773288
1897-11-01,18.026558784883555
1897-12-01,18.452524588081694
1898-01-01,18.996200624960434
1898-02-01,18.996273984335517
1898-03-01,18.17748778573344
1898-04-01,17.90448021733098
1898-05-01,19.119892857883926
1898-06-01,19.906269035178273
1898-07-01,20.02573717449821
1898-08-01,20.815858940992886
1898-09-01,20.817849519125765
1898-10-01,20.42434631544532
1898-11-01,21.14073952784114
1898-12-01,22.49465438177178
1899-01-01,24.24936033189645
1899-02-01,25.20960300122666
1899-03-01,25.612254552952017
1899-04-01,25.975663054012852
1899-05-01,24.936790568606288
1899-06-01,24.418225515872436
1899-07-01,25.30679485178208
1899-08-01,25.995532679690335
1899-09-01,25.75712147803783
1899-10-01,25.680135502273657
1899-11-01,26.210705487617723
1899-12-01,24.47013704850325
1900-01-01,24.841598189742996
1900-02-01,25.337433776213075
1900-03-01,25.59090696418752
1900-04-01,25.969011138565005
1900-05-01,24.79285315127134
1900-06-01,24.1082486082963
1900-07-01,24.164099672126085
1900-08-01,24.55143180039271
1900-09-01,24.031821078827466
1900-10-01,24.962577036450458
1900-11-01,26.97695936637998
1900-12-01,28.664402448812822
1901-01-01,29.56307435880954
1901-02-01,30.3802729476191
1901-03-01,31.53466600827913
1901-04-01,34.24530609243684
1901-05-01,32.58601541231436
1901-06-01,35.89792782257463
1901-07-01,33.5569741645852
1901-08-01,34.08911509568687
1901-09-01,33.986538784741896
1901-10-01,33.67157320213695
1901-11-01,34.46295873589458
1901-12-01,33.976565545784204
1902-01-01,34.77136377597506
1902-02-01,35.139563720485484
1902-03-01,35.25108619197024
1902-04-01,36.52356905208007
1902-05-01,36.50640728243697
1902-06-01,36.35979731031854
1902-07-01,37.25056253404192
1902-08-01,38.316309147087416
1902-09-01,38.47277665533604
1902-10-01,37.32540992668063
1902-11-01,35.9581846530571
1902-12-01,35.19926452046106
1903-01-01,37.06259656039574
1903-02-01,36.91446537505061
1903-03-01,35.53725522005014
1903-04-01,34.157495718093706
1903-05-01,33.56836162114776
1903-06-01,31.78560837814256
1903-07-01,30.397412070595024
1903-08-01,29.4941873748039
1903-09-01,28.855816369192638
1903-10-01,27.992994778334893
1903-11-01,28.15653564942332
1903-12-01,29.531225922162307
1904-01-01,30.09942640798626
1904-02-01,29.361406572938606
1904-03-01,29.343404209015326
1904-04-01,30.139571005875702
1904-05-01,29.57501301683872
1904-06-01,29.690725802822072
1904-07-01,30.9916490320204
1904-08-01,32.11177539251792
1904-09-01,33.599924745930934
1904-10-01,35.641073795795094
1904-11-01,37.63924962758369
1904-12-01,38.07376765826083
1905-01-01,38.97078719246814
1905-02-01,40.747908363758675
1905-03-01,41.97254067341574
1905-04-01,41.529760174340716
1905-05-01,39.553513279187776
1905-06-01,40.08693383591413
1905-07-01,41.41392391601742
1905-08-01,43.023477203305255
1905-09-01,43.232920086877556
1905-10-01,43.911345092596235
1905-11-01,43.746627005290364
1905-12-01,44.89758351036883
1906-01-01,46.52209138370356
1906-02-01,46.26484960084043
1906-03-01,45.205769046134634
1906-04-01,44.666216458064035
1906-05-01,43.55848990996663
1906-06-01,44.20554150940161
1906-07-01,43.143646958438325
1906-08-01,46.41433049308024
1906-09-01,47.92678224342996
1906-10-01,46.57589630627895
1906-11-01,47.61713547725493
1906-12-01,47.270666614216225
1907-01-01,46.011374855344314
1907-02-01,44.6540351743589
1907-03-01,40.353021699777486
1907-04-01,40.634265758372415
1907-05-01,39.31840363201475
1907-06-01,38.14569311879379
1907-07-01,39.69541357302467
1907-08-01,36.81148308230739
1907-09-01,36.511880990279835
1907-10-01,32.63432434512789
1907-11-01,30.810464164256974
1907-12-01,32.48157695074353
1908-01-01,33.95879040542725
1908-02-01,32.81160998218212
1908-03-01,34.245392479518976
1908-04-01,36.1805458296346
1908-05-01,38.219561713780614
1908-06-01,38.35901458460261
1908-07-01,39.85350191871582
1908-08-01,41.65232074705526
1908-09-01,41.28571594369623
1908-10-01,41.87758097907572
1908-11-01,44.79911444113875
1908-12-01,45.89892330296546
1909-01-01,46.13721993088936
1909-02-01,44.899725666750825
1909-03-01,45.5992286956688
1909-04-01,47.731973327570756
1909-05-01,49.40828437538078
1909-06-01,50.36985878195442
1909-07-01,51.17949202291243
1909-08-01,52.50600139835326
1909-09-01,52.64906836457244
1909-10-01,52.94792940590498
1909-11-01,52.78205676576879
1909-12-01,53.497859132024985
1910-01-01,52.449335348870385
1910-02-01,50.67082565176027
1910-03-01,52.017169915292044
1910-04-01,50.85948881505173
1910-05-01,50.118572179272924
1910-06-01,47.803817593419005
1910-07-01,45.48470130543744
1910-08-01,46.68810458037013
1910-09-01,47.103038358268066
1910-10-01,49.369454408041996
1910-11-01,49.41595097554318
1910-12-01,48.13591367654843
1911-01-01,49.40606848415513
1911-02-01,50.35881616025705
1911-03-01,49.8713856430112
1911-04-01,49.757345361281544
1911-05-01,50.92970194234365
1911-06-01,52.05044491376192
1911-07-01,51.935138006155874
1911-08-01,49.55433182933015
1911-09-01,46.95235081355424
1911-10-01,47.32312561640058
1911-11-01,49.3225629977928
1911-12-01,49.640082569999166
1912-01-01,49.7947424453008
1912-02-01,49.45830816106617
1912-03-01,50.981313540769214
1912-04-01,52.67175555303342
1912-05-01,52.7177255459118
1912-06-01,52.81878937569903
1912-07-01,52.97515785392623
1912-08-01,54.291863336608984
1912-09-01,54.67017601980468
1912-10-01,54.66104912528433
1912-11-01,54.15195825870044
1912-12-01,52.306173750695756
1913-01-01,51.96219331857985
1913-02-01,50.220501215236965
1913-03-01,49.37084680049813
1913-04-01,49.416871225072015
1913-05-01,48.1697327761121
1913-06-01,45.849289079694955
1913-07-01,46.572527798230816
1913-08-01,47.919607598219706
1913-09-01,48.47541201612051
1913-10-01,47.04314797061261
1913-11-01,45.949263393646085
1913-12-01,45.99431122291788
1914-01-01,47.98320125961592
1914-02-01,48.71380486039939
1914-03-01,47.893612637019736
1914-04-01,46.840196212132284
1914-05-01,47.22542957629357
1914-06-01,47.08996040364993
1914-07-01,44.578185881818
1914-08-01,44.6718029030946
1914-09-01,44.76435609458397
1914-10-01,44.85584545628609
1914-11-01,44.946270988200986
1914-12-01,43.10434760880438
1915-01-01,43.95626934535033
1915-02-01,43.458342089908435
1915-03-01,44.66708191249647
1915-04-01,48.120453098971026
1915-05-01,47.08750373890565
1915-06-01,47.71099535088363
1915-07-01,47.62356499350894
1915-08-01,49.73582689643951
1915-09-01,51.67326414419369
1915-10-01,54.62849882330777
1915-11-01,56.63241311704247
1915-12-01,56.84363273903434
1916-01-01,56.03799540442128
1916-02-01,55.353293705666374
1916-03-01,55.271198090206184
1916-04-01,54.76916087118956
1916-05-01,56.07988139522058
1916-06-01,56.72966541207152
1916-07-01,56.049370413736035
1916-08-01,56.584383065959784
1916-09-01,59.00866716927262
1916-10-01,60.95198009147842
1916-11-01,62.473536107316214
1916-12-01,60.083953427032014
1917-01-01,58.79526663470413
1917-02-01,55.60143134003597
1917-03-01,57.45157056021192
1917-04-01,56.71599887045668
1917-05-01,54.92934497235567
1917-06-01,56.17826975614637
1917-07-01,54.75994375907728
1917-08-01,53.27779145172628
1917-09-01,50.856853357703265
1917-10-01,48.24325476364262
1917-11-01,44.36749417163694
1917-12-01,43.001774471878534
1918-01-01,45.7392093719821
1918-02-01,47.277411115737216
1918-03-01,46.46338016483103
1918-04-01,46.154914766355766
1918-05-01,47.76343316168231
1918-06-01,47.96167387772552
1918-07-01,48.47985728579401
1918-08-01,49.06152068628206
1918-09-01,48.93028041543994
1918-10-01,51.13242900578989
1918-11-01,52.55691287957699
1918-12-01,51.63487606828292
1919-01-01,51.428647523277625
1919-02-01,51.7450411891072
1919-03-01,53.440181227483706
1919-04-01,55.33557987483927
1919-05-01,59.278647299047705
1919-06-01,60.98171933949757
1919-07-01,63.084413711218666
1919-08-01,58.95458098322024
1919-09-01,59.999986588702725
1919-10-01,63.177440434424376
1919-11-01,61.422937735830786
1919-12-01,59.73111248667537
1920-01-01,59.24084856668053
1920-02-01,54.455311099335624
1920-03-01,58.39905363768919
1920-04-01,58.038890746653834
1920-05-01,54.50558830442209
1920-06-01,53.66947941090248
1920-07-01,53.71199151244148
1920-08-01,51.71690652350672
1920-09-01,53.66379214440063
1920-10-01,53.84119270215528
1920-11-01,51.21700957546633
1920-12-01,46.73790037211146
1921-01-01,48.904455735771826
1921-02-01,48.667287225794674
1921-03-01,47.53232926687049
1921-04-01,47.84454977734269
1921-05-01,49.40266606364492
1921-06-01,45.550868837237296
1921-07-01,45.51408008717395
1921-08-01,45.05790586304383
1921-09-01,46.27615327221449
1921-10-01,47.00587535140292
1921-11-01,49.63033013370122
1921-12-01,51.48565042503686
1922-01-01,51.513984576156666
1922-02-01,52.74269650857491
1922-03-01,54.82284705917912
1922-04-01,58.25330852362815
1922-05-01,60.626137300665405
1922-06-01,60.16073664652731
1922-07-01,60.691998581169656
1922-08-01,63.07914633890346
1922-09-01,64.82805557464127
1922-10-01,66.36588316000982
1922-11-01,63.17670684936368
1922-12-01,63.141634063003906
1923-01-01,64.11349001249101
1923-02-01,66.96013268909412
1923-03-01,68.15203688814519
1923-04-01,65.87701312483857
1923-05-01,62.874419869629335
1923-06-01,60.59191415862305
1923-07-01,58.66865325161893
1923-08-01,59.07115324663778
1923-09-01,59.54749212273338
1923-10-01,58.78278306236994
1923-11-01,60.65208245280351
1923-12-01,62.818365107564105
1924-01-01,64.98870238469623
1924-02-01,65.39657002760417
1924-03-01,64.25702699581988
1924-04-01,62.89404545079492
1924-05-01,62.78659838174456
1924-06-01,64.0875434439936
1924-07-01,67.17325268870421
1924-08-01,69.59490694207811
1924-09-01,69.04024965389873
1924-10-01,68.26091151002757
1924-11-01,72.19061214365381
1924-12-01,76.20173283048815
1925-01-01,79.46971935686156
1925-02-01,80.26452499753147
1925-03-01,78.27792028164977
1925-04-01,77.56975834636803
1925-05-01,80.18128494615314
1925-06-01,81.73948250078678
1925-07-01,84.13325772391735
1925-08-01,85.39430002208417
1925-09-01,87.4928571781501
1925-10-01,90.50730733102691
1925-11-01,93.45053281012888
1925-12-01,95.10267089699714
1926-01-01,96.68212745775358
1926-02-01,96.96583564009364
1926-03-01,90.5165445914235
1926-04-01,88.12133568693761
1926-05-01,88.87105994778513
1926-06-01,93.23658836501667
1926-07-01,97.30197967711929
1926-08-01,101.29747571922117
1926-09-01,102.98366583300017
1926-10-01,100.80783092110109
1926-11-01,102.2692749663663
1926-12-01,104.74214735038669
1927-01-01,104.1915827820033
1927-02-01,106.3628488054966
1927-03-01,108.1490662406392
1927-04-01,110.95265023260932
1927-05-01,114.93249730592747
1927-06-01,116.57333852888583
1927-07-01,119.31364276074646
1927-08-01,125.82159791480133
1927-09-01,133.1238831815433
1927-10-01,131.24165947273568
1927-11-01,134.39398162971185
1927-12-01,137.70890125586058
1928-01-01,138.4262541172724
1928-02-01,136.93464139484217
1928-03-01,144.4554526269297
1928-04-01,153.72763562254096
1928-05-01,158.65301347355617
1928-06-01,151.0513562388838
1928-07-01,152.33696183215838
1928-08-01,157.44161619606933
1928-09-01,168.6821071132748
1928-10-01,172.28635919094316
1928-11-01,184.1110664089125
1928-12-01,185.01047757581264
1929-01-01,198.85945701863983
1929-02-01,200.08445597653497
1929-03-01,203.79458560250856
1929-04-01,202.7818557654944
1929-05-01,206.02149011101335
1929-06-01,210.1492665303568
1929-07-01,229.06959212959148
1929-08-01,242.29740615716378
1929-09-01,252.15710341259887
1929-10-01,225.69341598285376
1929-11-01,166.14818175455912
1929-12-01,172.97465749512602
1930-01-01,175.6869183419186
1930-02-01,186.89938430075256
1930-03-01,194.15452044888437
1930-04-01,206.688876694879
1930-05-01,194.55651886107864
1930-06-01,175.0970159768654
1930-07-01,171.56185291685216
1930-08-01,169.57015049265902
1930-09-01,169.69656589211297
1930-10-01,146.5489795803793
1930-11-01,136.12597662117386
1930-12-01,127.24304116744386
1931-01-01,131.30457175085445
1931-02-01,141.53190576437402
1931-03-01,144.4473434912487
1931-04-01,130.88370003428355
1931-05-01,118.45178582556187
1931-06-01,114.84091500026061
1931-07-01,118.83828552643168
1931-08-01,115.4581161740996
1931-09-01,98.44697256078544
1931-10-01,85.47866700447541
1931-11-01,86.82347837736478
1931-12-01,70.70287592966447
1932-01-01,69.69886664354672
1932-02-01,69.2741725362479
1932-03-01,69.68413759215677
1932-04-01,53.131957734534524
1932-05-01,46.763476943055984
1932-06-01,40.6235081123826
1932-07-01,42.802202886938446
1932-08-01,64.46053974483539
1932-09-01,70.83310655177867
1932-10-01,61.1748321994931
1932-11-01,60.685458072262854
1932-12-01,58.81203178054364
1933-01-01,61.24568649850428
1933-02-01,54.093753290326895
1933-03-01,54.02384476915955
1933-04-01,59.849204779880935
1933-05-01,77.1493143954685
1933-06-01,90.46994098860405
1933-07-01,97.88309760447873
1933-08-01,93.09988938760166
1933-09-01,92.41141298306806
1933-10-01,83.51058343210816
1933-11-01,85.61651393651071
1933-12-01,87.37343746575633
1934-01-01,92.46249645059937
1934-02-01,99.39905081266281
1934-03-01,94.40031551991565
1934-04-01,96.07676286192306
1934-05-01,86.4052289235969
1934-06-01,87.64493319566658
1934-07-01,83.59560733776969
1934-08-01,80.42450683763754
1934-09-01,78.5753908668609
1934-10-01,79.29017444926451
1934-11-01,81.60055825950785
1934-12-01,82.22848049422527
1935-01-01,82.32422517507632
1935-02-01,79.93068442946719
1935-03-01,74.9528778714768
1935-04-01,80.66269497997081
1935-05-01,87.09225493732731
1935-06-01,90.49091137673837
1935-07-01,95.3236769187335
1935-08-01,101.861711534516
1935-09-01,104.10544383884307
1935-10-01,106.98092043959434
1935-11-01,117.13069134481395
1935-12-01,117.23069134481396
1936-01-01,123.80567926269106
1936-02-01,131.01796413253228
1936-03-01,133.91579514431996
1936-04-01,134.20596089506543
1936-05-01,127.19425393779912
1936-06-01,132.72763805063894
1936-07-01,140.70957122256172
1936-08-01,143.63844292402308
1936-09-01,145.3973996430262
1936-10-01,153.14457189914958
1936-11-01,157.55153376372036
1936-12-01,154.9820604991007
1937-01-01,159.95217988628565
1937-02-01,164.8381732292402
1937-03-01,164.81570664461492
1937-04-01,155.14192041114794
1937-05-01,148.3825818529954
1937-06-01,142.99125141538443
1937-07-01,151.6676870661523
1937-08-01,153.3925167349443
1937-09-01,131.83948483389773
1937-10-01,112.83045805643022
1937-11-01,103.07534326859947
1937-12-01,101.58898801774016
1938-01-01,104.4311766945788
1938-02-01,102.10550068849452
1938-03-01,95.51991687600949
1938-04-01,91.79182848541075
1938-05-01,92.78742702292612
1938-06-01,95.08326142815751
1938-07-01,114.13993359387013
1938-08-01,114.93879401370715
1938-09-01,109.85048480576208
1938-10-01,122.22743247346833
1938-11-01,122.44017056160901
1938-12-01,118.98882926315008
1939-01-01,117.31649841523846
1939-02-01,116.48789557685272
1939-03-01,116.50459202345341
1939-04-01,101.94708042614671
1939-05-01,105.8244956991503
1939-06-01,107.82193655773958
1939-07-01,110.5781374570152
1939-08-01,109.08983991484982
1939-09-01,120.83641546239484
1939-10-01,122.18994767465303
1939-11-01,120.13902678670482
1939-12-01,117.42629226942906
1940-01-01,116.89441829590628
1940-02-01,116.267462800676
1940-03-01,115.73548879117949
1940-04-01,117.01401641097155
1940-05-01,101.03405080653334
1940-06-01,92.4822743656464
1940-07-01,95.68241761491333
1940-08-01,97.83489440778959
1940-09-01,102.10185981450931
1940-10-01,103.20491968346349
1940-11-01,105.75206093840728
1940-12-01,101.56051327176519
1941-01-01,101.89667307329572
1941-02-01,95.6660661755774
1941-03-01,96.39112761011285
1941-04-01,93.53337695090333
1941-05-01,91.64192349521025
1941-06-01,94.99571342190573
1941-07-01,100.00981476088111
1941-08-01,99.67066451724115
1941-09-01,100.1124625812362
1941-10-01,96.2536987540661
1941-11-01,91.89981117379098
1941-12-01,86.06806979375831
1942-01-01,87.887985873745
1942-02-01,85.28048657423228
1942-03-01,80.79355766407416
1942-04-01,77.5800710816679
1942-05-01,78.61321182383968
1942-06-01,82.71899482480072
1942-07-01,85.93496150687102
1942-08-01,85.57240440398205
1942-09-01,86.60088698052789
1942-10-01,93.11599307027758
1942-11-01,94.74230060188533
1942-12-01,95.36805585681003
1943-01-01,101.20364993960088
1943-02-01,107.34723834247866
1943-03-01,111.28866834625367
1943-04-01,115.13387571626146
1943-05-01,119.78827511999405
1943-06-01,122.02949566190186
1943-07-01,124.67700729725856
1943-08-01,118.64582213968701
1943-09-01,121.30001114643123
1943-10-01,120.3155357308774
1943-11-01,114.87445012473945
1943-12-01,116.5250817999745
1944-01-01,120.41117750925902
1944-02-01,119.72948078974234
1944-03-01,123.2182970139129
1944-04-01,121.21242168680314
1944-05-01,123.48659685339895
1944-06-01,129.43777661373403
1944-07-01,132.94383583618782
1944-08-01,131.13627160702717
1944-09-01,129.12266687541563
1944-10-01,132.435664606545
1944-11-01,131.64858076705775
1944-12-01,134.6600709965769
1945-01-01,138.80591430397865
1945-02-01,143.57379668466905
1945-03-01,143.6091004417407
1945-04-01,147.35566716940124
1945-05-01,153.06623816999632
1945-06-01,155.9931922033286
1945-07-01,152.92756770816834
1945-08-01,153.58463039597848
1945-09-01,164.1849666966013
1945-10-01,171.16643250754126
1945-11-01,176.9086685578847
1945-12-01,180.05986368380118
1946-01-01,187.37085405883118
1946-02-01,188.03401333060754
1946-03-01,182.5595261020627
1946-04-01,194.47216271441175
1946-05-01,195.0337185123446
1946-06-01,193.92684608953243
1946-07-01,188.54041539914212
1946-08-01,185.03060642900493
1946-09-01,157.89324077129845
1946-10-01,154.4838997433874
1946-11-01,154.00513597883446
1946-12-01,158.76901531785842
1947-01-01,159.76028077678203
1947-02-01,166.1099074734404
1947-03-01,159.53459638159944
1947-04-01,153.79752613239424
1947-05-01,151.2175313971307
1947-06-01,156.6518113280375
1947-07-01,166.63276945321454
1947-08-01,163.52313029060664
1947-09-01,159.46034527304118
1947-10-01,163.76142772204636
1947-11-01,162.02870482728838
1947-12-01,159.66080811638003
1948-01-01,157.71567901798963
1948-02-01,150.1323384188487
1948-03-01,152.44272619783945
1948-04-01,164.3499408153492
1948-05-01,172.53484743836808
1948-06-01,179.87349093462558
1948-07-01,175.77815073656993
1948-08-01,170.82337866046004
1948-09-01,169.07948829570455
1948-10-01,173.88205938661096
1948-11-01,164.4095952807751
1948-12-01,163.53219230870374
1949-01-01,165.56379335340915
1949-02-01,159.40921107159122
1949-03-01,161.12870949255822
1949-04-01,161.12392184950414
1949-05-01,160.14780263060536
1949-06-01,151.5881175384061
1949-07-01,160.37882803232318
1949-08-01,166.3575458353059
1949-09-01,168.75485311561965
1949-10-01,173.3409966201094
1949-11-01,175.97639660143304
1949-12-01,180.9160230727868
1950-01-01,184.87965482135652
1950-02-01,188.74081677340763
1950-03-01,190.52512274886604
1950-04-01,196.1570113709843
1950-05-01,203.0074117629576
1950-06-01,206.56545453059698
1950-07-01,191.83911672592868
1950-08-01,203.7026963557607
1950-09-01,211.16998070212992
1950-10-01,220.20630036343297
1950-11-01,220.06584252184214
1950-12-01,219.49079872630122
1951-01-01,236.03276041075995
1951-02-01,245.1440313759325
1951-03-01,241.34455873992908
1951-04-01,244.90657919479895
1951-05-01,245.34738537221543
1951-06-01,241.42795478286658
1951-07-01,246.01423178086424
1951-08-01,257.10990506137244
1951-09-01,264.0604322518689
1951-10-01,263.0264921363333
1951-11-01,256.01549204273357
1951-12-01,264.2067665662877
1952-01-01,273.31060527435034
1952-02-01,268.6406864191231
1952-03-01,269.6214852864933
1952-04-01,269.1330692923262
1952-05-01,269.32608535053896
1952-06-01,277.0118381075831
1952-07-01,285.27392900327675
1952-08-01,286.7198954988445
1952-09-01,282.473681824214
1952-10-01,276.8517406930824
1952-11-01,285.94170960582085
1952-12-01,297.77990883482124
1953-01-01,299.68087608662137
1953-02-01,296.3178554469071
1953-03-01,298.1074657024407
1953-04-01,283.7264675528588
1953-05-01,285.520579570345
1953-06-01,275.5927025673749
1953-07-01,279.8072109732085
1953-08-01,281.2612826878394
1953-09-01,268.6477630899157
1953-10-01,277.0333864435701
1953-11-01,283.4652468864192
1953-12-01,287.59186085012595
1954-01-01,295.19872468228874
1954-02-01,302.0030520808262
1954-03-01,308.6994336664227
1954-04-01,321.32622645485077
1954-05-01,334.4287313090532
1954-06-01,337.4145342620424
1954-07-01,351.35619765033266
1954-08-01,358.6643489258264
1954-09-01,367.3805750598627
1954-10-01,376.22573949872475
1954-11-01,391.2794617122805
1954-12-01,409.5095607729863
1955-01-01,417.2161351580142
1955-02-01,431.49290058915676
1955-03-01,428.42353956076084
1955-04-01,443.5455783032779
1955-05-01,441.99948192929185
1955-06-01,467.96009019008596
1955-07-01,502.5300541735365
1955-08-01,499.8105694743441
1955-09-01,522.6543827245595
1955-10-01,496.71452707557944
1955-11-01,530.5616702401629
1955-12-01,535.8680235739099
1956-01-01,521.8138433011981
1956-02-01,525.484897096453
1956-03-01,562.0443795720719
1956-04-01,569.0450312153457
1956-05-01,551.5404655234233
1956-06-01,548.7237036862061
1956-07-01,578.8760302775188
1956-08-01,575.8232310544842
1956-09-01,556.6208179365019
1956-10-01,549.8751455534644
1956-11-01,544.5444033151491
1956-12-01,553.006622074426
1957-01-01,541.3490658582729
1957-02-01,518.3622757402686
1957-03-01,525.408135735415
1957-04-01,537.9478378858618
1957-05-01,558.97407525734
1957-06-01,568.542887981255
1957-07-01,580.3915691480958
1957-08-01,548.8190427497684
1957-09-01,526.9246753306303
1957-10-01,494.473312675904
1957-11-01,484.1808127949617
1957-12-01,484.321673369178
1958-01-01,494.188189885154
1958-02-01,496.2487521178742
1958-03-01,506.8486013598937
1958-04-01,509.99070998002264
1958-05-01,526.7430050301855
1958-06-01,539.7673865961038
1958-07-01,554.971536183229
1958-08-01,576.0997570494022
1958-09-01,591.6855715872788
1958-10-01,616.1043872694501
1958-11-01,635.218425332457
1958-12-01,647.5691703499723
1959-01-01,673.7294756871145
1959-02-01,663.8085348011252
1959-03-01,681.0318324514765
1959-04-01,692.8088844267243
1959-05-01,703.6229160019855
1959-06-01,697.9338661341211
1959-07-01,726.0099966807854
1959-08-01,722.261722099102
1959-09-01,694.0725010926382
1959-10-01,693.8507246954621
1959-11-01,697.0384157868986
1959-12-01,719.7164425403982
1960-01-01,707.5618296039036
1960-02-01,680.5324643520298
1960-03-01,671.6730059834183
1960-04-01,680.7540165156296
1960-05-01,674.9384411981301
1960-06-01,700.2876778076212
1960-07-01,683.3360240532344
1960-08-01,691.949970967456
1960-09-01,671.5488152012764
1960-10-01,658.7312198488145
1960-11-01,680.4785594464225
1960-12-01,697.2092360824405
1961-01-01,733.4658678324981
1961-02-01,763.9696198657143
1961-03-01,788.3447592949024
1961-04-01,809.7816914780865
1961-05-01,818.4361972698082
1961-06-01,808.018529338572
1961-07-01,806.2162661779487
1961-08-01,835.5837054926219
1961-09-01,829.467914202304
1961-10-01,839.0150643708957
1961-11-01,877.4430433190593
1961-12-01,886.0201632569649
1962-01-01,853.4757098142383
1962-02-01,868.1185122584008
1962-03-01,869.4179534994032
1962-04-01,842.1468251341149
1962-05-01,779.9641162722345
1962-06-01,689.2683310240218
1962-07-01,706.3109522978992
1962-08-01,725.9689017882628
1962-09-01,719.9606034942789
1962-10-01,697.690705142649
1962-11-01,746.2098358285215
1962-12-01,778.9772440592916
1963-01-01,809.5264417126513
1963-02-01,820.6832492657529
1963-03-01,818.0282747709196
1963-04-01,856.9803201473765
1963-05-01,874.6442889543148
1963-06-01,874.7382747069962
1963-07-01,862.2313472329422
1963-08-01,886.5442259375869
1963-09-01,910.3708447686793
1963-10-01,913.0953933899334
1963-11-01,908.4492986257229
1963-12-01,928.3243308262431
1964-01-01,957.3498516769454
1964-02-01,969.6132576667002
1964-03-01,987.7747820776202
1964-04-01,1002.5642163533842
1964-05-01,1012.8493903864395
1964-06-01,1007.3328830358084
1964-07-01,1045.2544384753396
1964-08-01,1030.4459673370147
1964-09-01,1048.683760345687
1964-10-01,1067.3117637485639
1964-11-01,1075.2609193820967
1964-12-01,1057.1670599231213
1965-01-01,1084.8997685217944
1965-02-01,1093.3752223521574
1965-03-01,1094.9260754605134
1965-04-01,1109.8482810231499
1965-05-01,1126.9265842315926
1965-06-01,1073.9629885379888
1965-07-01,1072.8800954583949
1965-08-01,1093.4065921975555
1965-09-01,1130.5079300519365
1965-10-01,1156.501290495276
1965-11-01,1166.6932329296153
1965-12-01,1161.9544179960471
1966-01-01,1182.6781088595767
1966-02-01,1175.2811250647796
1966-03-01,1127.562968439894
1966-04-01,1162.6648821321196
1966-05-01,1102.083935342607
1966-06-01,1093.5422460691707
1966-07-01,1091.3531457323559
1966-08-01,1025.9791285508372
1966-09-01,990.4653088996083
1966-10-01,982.4228726871672
1966-11-01,1032.2006540879813
1966-12-01,1037.144521455985
1967-01-01,1077.5444619731595
1967-02-01,1115.2896620951174
1967-03-01,1142.2058672535347
1967-04-01,1162.4940698717814
1967-05-01,1183.9429439835906
1967-06-01,1169.7271127380893
1967-07-01,1190.5595839863947
1967-08-01,1210.1239440060433
1967-09-01,1227.6503280849925
1967-10-01,1226.3495970697077
1967-11-01,1188.5112375457668
1967-12-01,1222.9946948788395
1968-01-01,1220.2814924115094
1968-02-01,1165.8248736272724
1968-03-01,1145.127251766795
1968-04-01,1230.334437562273
1968-05-01,1259.2601909906004
1968-06-01,1293.7356817541506
1968-07-01,1291.800089765479
1968-08-01,1264.2361298941228
1968-09-01,1305.9868473812305
1968-10-01,1338.8650368452818
1968-11-01,1360.1530035223543
1968-12-01,1375.0013402097672
1969-01-01,1317.5580111808258
1969-02-01,1311.7568402874697
1969-03-01,1283.984246788733
1969-04-01,1310.5066588215027
1969-05-01,1353.8622158951234
1969-06-01,1283.858118860217
1969-07-01,1227.157213566202
1969-08-01,1220.9587986182348
1969-09-01,1225.9071638958083
1969-10-01,1239.6789870402988
1969-11-01,1249.3055865123304
1969-12-01,1183.7534337332797
1970-01-01,1174.0324233237511
1970-02-01,1133.7560983730302
1970-03-01,1153.8121243582723
1970-04-01,1119.3458149329529
1970-05-01,991.2220499309639
1970-06-01,985.7735554381014
1970-07-01,988.1461972011193
1970-08-01,1017.5342178242988
1970-09-01,1079.0665019967937
1970-10-01,1103.131470776775
1970-11-01,1102.6263593899037
1970-12-01,1178.782746509573
1971-01-01,1224.479383001278
1971-02-01,1272.5559346460864
1971-03-01,1305.8472761236455
1971-04-01,1351.0853855922771
1971-05-01,1333.381401194018
1971-06-01,1309.3681702069382
1971-07-01,1300.5731143578369
1971-08-01,1278.1099698661797
1971-09-01,1307.1581770090277
1971-10-01,1280.0666819976864
1971-11-01,1221.3821957523419
1971-12-01,1306.155156921133
1972-01-01,1361.204040636816
1972-02-01,1386.8938988949092
1972-03-01,1420.5055955861455
1972-04-01,1435.6672007723018
1972-05-01,1421.805374606797
1972-06-01,1426.419026749659
1972-07-01,1416.5068598848468
1972-08-01,1467.3734674220477
1972-09-01,1446.8774573108465
1972-10-01,1450.1828544711252
1972-11-01,1523.6218780386016
1972-12-01,1556.0617911285613
1973-01-01,1568.6521942095462
1973-02-01,1513.6804862565266
1973-03-01,1490.4965929120203
1973-04-01,1463.32725153237
1973-05-01,1422.8817532668531
1973-06-01,1391.7112980095292
1973-07-01,1405.6796391591247
1973-08-01,1379.79944309651
1973-09-01,1404.422345750133
1973-10-01,1460.9835994918874
1973-11-01,1357.9092261179142
1973-12-01,1262.5097023818164
1974-01-01,1280.9492693736602
1974-02-01,1246.2245820900082
1974-03-01,1300.16608588185
1974-04-01,1234.452881015679
1974-05-01,1197.94343051435
1974-06-01,1200.2912474383672
1974-07-01,1060.9481774764838
1974-08-01,1017.8283071481535
1974-09-01,912.6994378752548
1974-10-01,931.1498725030646
1974-11-01,962.7567790826253
1974-12-01,900.8509473139912
1975-01-01,975.3608234251451
1975-02-01,1077.4903574153286
1975-03-01,1127.7738865726467
1975-04-01,1141.211040664869
1975-05-01,1214.4682389868806
1975-06-01,1246.2595646143116
1975-07-01,1248.2628155027517
1975-08-01,1157.5479941677006
1975-09-01,1144.291737926363
1975-10-01,1197.7863981873268
1975-11-01,1218.8569239818555
1975-12-01,1201.1006112002624
1976-01-01,1312.380138201995
1976-02-01,1363.8387227032374
1976-03-01,1371.40235156486
1976-04-01,1383.0442702568735
1976-05-01,1374.3385116363127
1976-06-01,1383.2867636815877
1976-07-01,1416.705015352215
1976-08-01,1405.2813656300361
1976-09-01,1436.0290625273494
1976-10-01,1387.8604569955094
1976-11-01,1379.1740945281026
1976-12-01,1427.7345054586115
1977-01-01,1416.333347928302
1977-02-01,1379.0093836665537
1977-03-01,1374.439449726606
1977-04-01,1354.1662455701442
1977-05-01,1351.117100487149
1977-06-01,1359.2955909978077
1977-07-01,1372.6912223356203
1977-08-01,1340.0749320243394
1977-09-01,1320.1943850049522
1977-10-01,1287.0031907394114
1977-11-01,1295.3986795116532
1977-12-01,1290.0719381051044
1978-01-01,1241.9854882058735
1978-02-01,1225.520298339425
1978-03-01,1224.3378971678699
1978-04-01,1278.9886198901822
1978-05-01,1344.8647447950539
1978-06-01,1349.3609828394117
1978-07-01,1343.9195106478041
1978-08-01,1437.764029828264
1978-09-01,1438.8321149346475
1978-10-01,1394.204555518604
1978-11-01,1313.6508570447206
1978-12-01,1334.1479227556238
1979-01-01,1385.209151355223
1979-02-01,1365.745593652509
1979-03-01,1392.8516127925898
1979-04-01,1421.7971286113468
1979-05-01,1389.9198509682312
1979-06-01,1418.5115722329115
1979-07-01,1433.6077996194567
1979-08-01,1500.3762292214658
1979-09-01,1518.3125498617626
1979-10-01,1462.1736280447567
1979-11-01,1452.1721522095772
1979-12-01,1510.7889936980741
1980-01-01,1555.4474542794915
1980-02-01,1618.3838323745738
1980-03-01,1470.833238126634
1980-04-01,1448.1954864478112
1980-05-01,1515.5320931109634
1980-06-01,1613.8912937660307
1980-07-01,1688.3950122273613
1980-08-01,1741.8230382434767
1980-09-01,1785.4260184127127
1980-10-01,1838.945837536751
1980-11-01,1917.932136684257
1980-12-01,1888.1488125598353
1981-01-01,1882.396243096905
1981-02-01,1818.6184686996007
1981-03-01,1887.940376060015
1981-04-01,1906.2928202568373
1981-05-01,1869.3485314760317
1981-06-01,1879.2245001649646
1981-07-01,1835.1396399609134
1981-08-01,1843.62508955616
1981-09-01,1684.264148351919
1981-10-01,1707.0150274851735
1981-11-01,1752.5893710444018
1981-12-01,1766.8342683653818
1982-01-01,1675.4853547116468
1982-02-01,1636.9142236456307
1982-03-01,1585.4480927356663
1982-04-01,1665.58430365282
1982-05-01,1668.4590015594017
1982-06-01,1573.871208258412
1982-07-01,1571.0188660821784
1982-08-01,1576.7815723313047
1982-09-01,1760.7834673495474
1982-10-01,1910.412837503892
1982-11-01,1989.6141101022163
1982-12-01,2009.8049819846406
1983-01-01,2081.9154629778122
1983-02-01,2119.452061038869
1983-03-01,2194.5544639362856
1983-04-01,2279.821510687232
1983-05-01,2373.8188555535576
1983-06-01,2408.56652605615
1983-07-01,2418.732112189893
1983-08-01,2353.5934597939886
1983-09-01,2424.647160209239
1983-10-01,2433.3936440055486
1983-11-01,2398.619778164742
1983-12-01,2388.512696656964
1984-01-01,2419.0849223501045
1984-02-01,2288.3124922548277
1984-03-01,2291.2948959438895
1984-04-01,2295.74320401411
1984-05-01,2282.722405511482
1984-06-01,2233.2590246649506
1984-07-01,2205.64544709939
1984-08-01,2401.3542066008936
1984-09-01,2427.755940967955
1984-10-01,2410.335691951964
1984-11-01,2433.8659163739085
1984-12-01,2409.1243359789246
1985-01-01,2514.7161252521782
1985-02-01,2652.6237560694835
1985-03-01,2632.25832144557
1985-04-01,2651.5008622209116
1985-05-01,2716.272969173487
1985-06-01,2776.6817672822535
1985-07-01,2831.25284230722
1985-08-01,2771.1410466375382
1985-09-01,2710.9992942724516
1985-10-01,2743.5955810204837
1985-11-01,2911.773949404968
1985-12-01,3057.937760996234
1986-01-01,3072.9032634841633
1986-02-01,3239.9062105173007
1986-03-01,3432.108446347771
1986-04-01,3518.034959860797
1986-05-01,3527.1435193956368
1986-06-01,3629.431183323452
1986-07-01,3555.704780902392
1986-08-01,3628.501508798612
1986-09-01,3531.024164020437
1986-10-01,3519.442972108931
1986-11-01,3635.3532373069293
1986-12-01,3689.0273683638998
1987-01-01,3926.7367496119386
1987-02-01,4171.979486739468
1987-03-01,4346.039330567464
1987-04-01,4300.280151420904
1987-05-01,4299.107265039002
1987-06-01,4483.829125980812
1987-07-01,4615.078873470792
1987-08-01,4904.144719248431
1987-09-01,4746.684453690807
1987-10-01,4175.122673523136
1987-11-01,3652.488580012674
1987-12-01,3594.730581485329
1988-01-01,3738.315977383025
1988-02-01,3853.628272687839
1988-03-01,3969.0062779970212
1988-04-01,3924.622827865762
1988-05-01,3829.422670803569
1988-06-01,4049.697984361721
1988-07-01,4027.741973331689
1988-08-01,3948.9141728777263
1988-09-01,4015.319547645844
1988-10-01,4158.187297419578
1988-11-01,4064.303254171192
1988-12-01,4148.863581658297
1989-01-01,4284.495415266674
1989-02-01,4415.706417594932
1989-03-01,4398.310972370222
1989-04-01,4544.713263702822
1989-05-01,4721.27395917025
1989-06-01,4870.879146863432
1989-07-01,4996.486456317363
1989-08-01,5220.027063265731
1989-09-01,5232.852508648934
1989-10-01,5236.656402878011
1989-11-01,5130.448770341239
1989-12-01,5259.479709246434
1990-01-01,5131.645361224106
1990-02-01,4990.335973510539
1990-03-01,5113.708597169927
1990-04-01,5111.911486708478
1990-05-01,5296.819134859775
1990-06-01,5452.64686965659
1990-07-01,5449.695165981872
1990-08-01,5008.997311333375
1990-09-01,4779.199839017066
1990-10-01,4656.124528812501
1990-11-01,4782.542680202401
1990-12-01,4989.285861680692
1991-01-01,4942.386251391769
1991-02-01,5503.2957329369565
1991-03-01,5658.091793276206
1991-04-01,5773.141429314366
1991-05-01,5750.0274816378
1991-06-01,5757.176222626169
1991-07-01,5789.295302862881
1991-08-01,5931.51918566343
1991-09-01,5900.620543792269
1991-10-01,5898.351082994693
1991-11-01,5886.316401620914
1991-12-01,5928.4166018371025
1992-01-01,6351.721600284223
1992-02-01,6300.5993632782975
1992-03-01,6223.806453600417
1992-04-01,6227.191649880667
1992-05-01,6342.920651395086
1992-06-01,6245.53782717329
1992-07-01,6351.881567935011
1992-08-01,6398.5879979414285
1992-09-01,6409.646900697046
1992-10-01,6320.689727637609
1992-11-01,6481.763094824575
1992-12-01,6680.611940313462
1993-01-01,6676.965649702152
1993-02-01,6778.871673312457
1993-03-01,6911.364561753272
1993-04-01,6805.322557194656
1993-05-01,6841.31286555683
1993-06-01,6887.152639537697
1993-07-01,6877.980760865251
1993-08-01,6985.823307825499
1993-09-01,7067.093609554661
1993-10-01,7141.472904966167
1993-11-01,7128.596877997831
1993-12-01,7178.398074504405
1994-01-01,7289.541705623715
1994-02-01,7270.506365283125
1994-03-01,7153.417935462425
1994-04-01,6900.415335825907
1994-05-01,6959.763318642432
1994-06-01,7023.1558452953395
1994-07-01,6972.930564359415
1994-08-01,7174.019127457656
1994-09-01,7218.800917381713
1994-10-01,7172.873407524457
1994-11-01,7132.357626981517
1994-12-01,7045.1176267283945
1995-01-01,7203.623640269139
1995-02-01,7464.535162828022
1995-03-01,7641.280538077567
1995-04-01,7872.802105630713
1995-05-01,8122.08948874088
1995-06-01,8365.892066855593
1995-07-01,8648.261004528902
1995-08-01,8678.133650032743
1995-09-01,8986.172459177493
1995-10-01,9053.51097284726
1995-11-01,9252.279935424418
1995-12-01,9551.023441766976
1996-01-01,9551.648315222714
1996-02-01,10100.594711276533
1996-03-01,10065.18526930706
1996-04-01,10069.752834901616
1996-05-01,10291.545927576788
1996-06-01,10407.734161206947
1996-07-01,10030.452522694577
1996-08-01,10323.367667012022
1996-09-01,10516.540968084286
1996-10-01,10933.868785599803
1996-11-01,11470.263574835819
1996-12-01,11591.618024959906
1997-01-01,11953.036330298493
1997-02-01,12458.081427001125
1997-03-01,12364.072732145272
1997-04-01,11926.668826624957
1997-05-01,13009.63072643228
1997-06-01,13687.472503148903
1997-07-01,14456.080184886005
1997-08-01,14489.795251709558
1997-09-01,14645.887070702018
1997-10-01,14870.17302762628
1997-11-01,14682.10205298987
1997-12-01,15052.092820510517
1998-01-01,15070.885575142607
1998-02-01,16018.794566948642
1998-03-01,16852.838818196095
1998-04-01,17409.745140515704
1998-05-01,17353.94751454028
1998-06-01,17356.871437379352
1998-07-01,18114.912213137355
1998-08-01,16834.63725348318
1998-09-01,15992.438682700476
1998-10-01,16181.243029886227
1998-11-01,17939.36387353827
1998-12-01,18657.921068801104
1999-01-01,19582.01341769783
1999-02-01,19551.154207678424
1999-03-01,20104.843116216474
1999-04-01,20941.299726761466
1999-05-01,20902.59581275072
1999-06-01,20756.709735339333
1999-07-01,21677.407526371033
1999-08-01,20841.144686313797
1999-09-01,20698.364259352325
1999-10-01,20416.75358860065
1999-11-01,21849.305813238618
1999-12-01,22444.72017185117
2000-01-01,22399.731959850516
2000-02-01,21826.326112667048
2000-03-01,22668.139159366026
2000-04-01,22972.69368840645
2000-05-01,22302.174175835433
2000-06-01,22989.345418453697
2000-07-01,23166.477971644126
2000-08-01,23365.945072072464
2000-09-01,23095.568488901798
2000-10-01,21873.35049194092
2000-11-01,21686.428740867213
2000-12-01,20948.51308240864
2001-01-01,21025.930359831582
2001-02-01,20558.968640449606
2001-03-01,18674.54699144987
2001-04-01,18740.75878941458
2001-05-01,20012.51715497663
2001-06-01,19517.10603879908
2001-07-01,18980.647563979986
2001-08-01,18575.052936378706
2001-09-01,16468.553263245863
2001-10-01,16975.58794451554
2001-11-01,17816.05589904403
2001-12-01,18059.91086564801
2002-01-01,17988.806698752574
2002-02-01,17368.341570682143
2002-03-01,18209.910829368248
2002-04-01,17552.616186398835
2002-05-01,17040.12962087007
2002-06-01,16013.63489999003
2002-07-01,14273.094921503787
2002-08-01,14418.005678791409
2002-09-01,13714.489320463063
2002-10-01,13509.579221614238
2002-11-01,14387.134974343802
2002-12-01,14220.583135430144
2003-01-01,14171.19063160752
2003-02-01,13244.322384781826
2003-03-01,13399.674210703659
2003-04-01,14090.016665708454
2003-05-01,14820.575976660793
2003-06-01,15648.050307301288
2003-07-01,15723.42552856436
2003-08-01,15679.242300844591
2003-09-01,16156.700253185561
2003-10-01,16466.00633765272
2003-11-01,16646.717067829115
2003-12-01,17137.81594645095
2004-01-01,17964.322963789535
2004-02-01,18140.059188176187
2004-03-01,17836.41846594239
2004-04-01,17989.1446950548
2004-05-01,17507.682976499225
2004-06-01,17987.60148139316
2004-07-01,17564.282747179524
2004-08-01,17299.73706907288
2004-09-01,17760.08163975077
2004-10-01,17757.02740673606
2004-11-01,18583.34458322335
2004-12-01,19068.701210032836
2005-01-01,18789.854673498296
2005-02-01,19083.88473076254
2005-03-01,19012.943473068088
2005-04-01,18532.466519626847
2005-05-01,18757.299513006634
2005-06-01,19143.336427657527
2005-07-01,19466.12718521542
2005-08-01,19502.987969787126
2005-09-01,19533.8410493393
2005-10-01,18997.3428058721
2005-11-01,19725.757447129672
2005-12-01,20124.24461998158
2006-01-01,20394.66280396028
2006-02-01,20366.295654034067
2006-03-01,20643.77786984306
2006-04-01,20783.186186450635
2006-05-01,20594.047848052156
2006-06-01,20010.911949156023
2006-07-01,20128.841406920663
2006-08-01,20563.734930380415
2006-09-01,21057.573813604293
2006-10-01,21792.087061464932
2006-11-01,22201.077885538776
2006-12-01,22650.50817128648
2007-01-01,22779.618319414658
2007-02-01,23115.137857192174
2007-03-01,22515.004805263437
2007-04-01,23427.66974284843
2007-05-01,24193.495627612978
2007-06-01,24247.894503820266
2007-07-01,24357.929833821865
2007-08-01,23305.018088556288
2007-09-01,23991.66711479742
2007-10-01,24679.173299323957
2007-11-01,23462.49010280788
2007-12-01,23722.192040997594
2008-01-01,22117.05946018926
2008-02-01,21739.814405001154
2008-03-01,21137.222928800176
2008-04-01,22002.443437994727
2008-05-01,22534.313309369292
2008-06-01,21545.245442973614
2008-07-01,20203.310203230954
2008-08-01,20597.330301568036
2008-09-01,19566.42539822836
2008-10-01,15582.713526015434
2008-11-01,14209.375436115943
2008-12-01,14127.234830901893
2009-01-01,13940.337334752327
2009-02-01,12974.26877381631
2009-03-01,12205.057499993221
2009-04-01,13677.996114744943
2009-05-01,14558.602646484944
2009-06-01,14946.561338426482
2009-07-01,15108.433525375329
2009-08-01,16306.885398358789
2009-09-01,16874.30474218232
2009-10-01,17252.617363827387
2009-11-01,17587.30203664999
2009-12-01,17952.683601070814
2010-01-01,18170.833826393413
2010-02-01,17618.88020004198
2010-03-01,18640.8846786386
2010-04-01,19378.050904898097
2010-05-01,18213.23683671379
2010-06-01,17542.85822329373
2010-07-01,17489.922458794284
2010-08-01,17615.812135887376
2010-09-01,18184.38750353245
2010-10-01,18991.364965379547
2010-11-01,19438.870524544043
2010-12-01,20135.074075556175
2011-01-01,20806.3555431083
2011-02-01,21435.828816087353
2011-03-01,21170.983904597975
2011-04-01,21614.549740301678
2011-05-01,21730.049080074354
2011-06-01,20906.819509387264
2011-07-01,21527.590017877083
2011-08-01,19260.55011850126
2011-09-01,19080.1771759142
2011-10-01,19627.529694127676
2011-11-01,19945.226744510135
2011-12-01,20225.6942739283
2012-01-01,21162.859339663097
2012-02-01,22013.285639088208
2012-03-01,22617.252092061
2012-04-01,22577.392375899057
2012-05-01,21847.938714336222
2012-06-01,21564.183046546328
2012-07-01,22161.75439075416
2012-08-01,22879.69564986083
2012-09-01,23537.600953218473
2012-10-01,23452.696194383476
2012-11-01,22752.7855143005
2012-12-01,23212.692140689687
2013-01-01,24167.794830945437
2013-02-01,24695.502211358344
2013-03-01,25331.35247909067
2013-04-01,25662.824463994362
2013-05-01,26799.46227744213
2013-06-01,26462.199680848276
2013-07-01,27285.24244935091
2013-08-01,27315.53692055461
2013-09-01,27602.211894987056
2013-10-01,28147.164643834847
2013-11-01,29193.867043239326
2013-12-01,29598.08406288185
2014-01-01,29844.32939851819
2014-02-01,29764.82566970666
2014-03-01,30533.920334270006
2014-04-01,30553.835362824517
2014-05-01,30979.796927894386
2014-06-01,31927.42106341763
2014-07-01,32361.952124144
2014-08-01,32180.296513353464
2014-09-01,32708.546949560343
2014-10-01,31798.51011977473
2014-11-01,33568.06531402431
2014-12-01,33735.71289808858
2015-01-01,33315.74533521886
2015-02-01,34211.686594129744
2015-03-01,34184.05806225233
2015-04-01,34437.19131920567
2015-05-01,34726.78260252512
2015-06-01,34527.65858606338
2015-07-01,34451.89043692227
2015-08-01,33568.0538133483
2015-09-01,32006.210929294633
2015-10-01,33338.75256395869
2015-11-01,34266.840771281706
2015-12-01,33838.971267333916
2016-01-01,31616.33663156913
2016-02-01,31391.967845987347
2016-03-01,33338.6382076804
2016-04-01,34231.62669074014
2016-05-01,34076.28128555802
2016-06-01,34388.30385718285
2016-07-01,35470.59735096394
2016-08-01,35844.10383894117
2016-09-01,35634.75158841152
2016-10-01,35402.10149931708
2016-11-01,35774.71574849833
2016-12-01,37133.47438788519
2017-01-01,37614.14362364116
2017-02-01,38529.79654956473
2017-03-01,39150.046490899236
2017-04-01,39035.74972734619
2017-05-01,39642.033514268005
2017-06-01,40291.55604657321
2017-07-01,40634.56526837669
2017-08-01,40679.849423652005
2017-09-01,41296.59781259687
2017-10-01,42369.78062398578
2017-11-01,42986.769222600684
2017-12-01,44169.46643718201
2018-01-01,46259.83062747114
2018-02-01,44866.91176263071
2018-03-01,44837.910290909866
2018-04-01,44033.405183040006
2018-05-01,44838.35595456713
2018-06-01,45726.55609165181
2018-07-01,46389.77676823362
2018-08-01,47466.55790229823
2018-09-01,48203.19086698104
2018-10-01,46286.63166645299
2018-11-01,45263.87756482433
2018-12-01,42683.70605228266
2019-01-01,43361.59061098622
2019-02-01,45825.660978630316
2019-03-01,46654.43595167761
2019-04-01,48327.0758050049
2019-05-01,47521.93627934338
2019-06-01,48124.16500378483
2019-07-01,49900.242831740805
2019-08-01,48269.896840281755
2019-09-01,49692.39976896849
2019-10-01,49630.06188728657
2019-11-01,51762.87746585221
2019-12-01,52973.020822939194
2020-01-01,54677.26479824144
2020-02-01,54675.02467487149
2020-03-01,44262.22931508739
2020-04-01,46103.573027375045
2020-05-01,48747.625701347504
2020-06-01,51849.95995174778
2020-07-01,53582.0709914687
2020-08-01,56669.82055967916
2020-09-01,56244.69489716163
